Unnamed: 0,Rk,Team,Age,W,L,PW,PL,MOV,SOS,SRS,ORtg,DRtg,NRtg,Pace,FTr,3PAr,TS%,Unnamed: 17_level_1,eFG%,TOV%,ORB%,FT/FGA,Unnamed: 22_level_1,eFG%.1,TOV%.1,DRB%,FT/FGA.1,Unnamed: 27_level_1,Arena,Attend.,Attend./G,Season,G,MP,FG,FGA,FG%,3P,3PA,3P%,2P,2PA,2P%,FT,FTA,FT%,ORB,DRB,TRB,AST,STL,BLK,TOV,PF,PTS,W/L%,PS/G,PA/G,Conference,PTS_rolling_avg,ORB_rolling_avg,DRB_rolling_avg,AST_rolling_avg,3P_rolling_avg,3PA_rolling_avg,STL_rolling_avg,BLK_rolling_avg,Point_Differential,win_ratio_trend
0,1.0,Utah Jazz,28.5,52.0,20.0,55.0,17.0,9.25,-0.29,8.97,117.6,108.3,9.3,98.5,0.244,0.488,0.597,,0.563,12.7,24.5,0.195,,0.507,10.3,79.3,0.159,,Vivint Smart Home Arena,151300.0,4203.0,2021,,,,,,,,,,,,,,,,,,,,,,,,,,,,,,,,,,,,,
1,2.0,Los Angeles Clippers,28.8,47.0,25.0,49.0,23.0,6.18,-0.16,6.02,117.6,111.2,6.4,96.9,0.222,0.4,0.599,,0.564,12.2,22.7,0.186,,0.531,11.9,79.1,0.186,,STAPLES Center,13901.0,386.0,2021,,,,,,,,,,,,,,,,,,,,,,,,,,,,,,,,,,,,,
2,3.0,Phoenix Suns,26.6,51.0,21.0,49.0,23.0,5.82,-0.15,5.67,117.2,111.3,5.9,97.2,0.212,0.392,0.597,,0.564,11.5,20.8,0.177,,0.534,12.4,78.5,0.194,,Phoenix Suns Arena,104027.0,2890.0,2021,,,,,,,,,,,,,,,,,,,,,,,,,,,,,,,,,,,,,
3,4.0,Milwaukee Bucks,28.1,46.0,26.0,48.0,24.0,5.89,-0.32,5.57,117.2,111.4,5.8,102.2,0.233,0.404,0.593,,0.566,12.0,23.3,0.177,,0.536,11.5,79.7,0.157,,Fiserv Forum,64780.0,1799.0,2021,,,,,,,,,,,,,,,,,,,,,,,,,,,,,,,,,,,,,
4,5.0,Philadelphia 76ers,27.1,49.0,23.0,48.0,24.0,5.58,-0.31,5.28,113.2,107.6,5.6,99.5,0.293,0.347,0.579,,0.541,12.8,23.2,0.225,,0.521,13.8,78.2,0.2,,Wells Fargo Center,68583.0,1905.0,2021,,,,,,,,,,,,,,,,,,,,,,,,,,,,,,,,,,,,,
5,6.0,Denver Nuggets,26.1,47.0,25.0,47.0,25.0,4.93,-0.11,4.82,117.1,112.1,5.0,97.1,0.219,0.383,0.588,,0.557,12.1,24.7,0.176,,0.545,12.9,78.9,0.2,,Ball Arena,54563.0,1516.0,2021,,,,,,,,,,,,,,,,,,,,,,,,,,,,,,,,,,,,,
6,7.0,Brooklyn Nets,28.2,48.0,24.0,46.0,26.0,4.5,-0.27,4.24,118.3,113.8,4.5,99.5,0.258,0.413,0.61,,0.575,12.2,21.4,0.208,,0.531,11.1,77.3,0.187,,Barclays Center,30491.0,847.0,2021,,,,,,,,,,,,,,,,,,,,,,,,,,,,,,,,,,,,,
7,8.0,Los Angeles Lakers,28.2,42.0,30.0,42.0,30.0,2.79,-0.03,2.77,109.9,107.1,2.8,98.7,0.271,0.363,0.569,,0.536,13.6,22.5,0.2,,0.526,13.7,79.7,0.184,,STAPLES Center,23313.0,648.0,2021,,,,,,,,,,,,,,,,,,,,,,,,,,,,,,,,,,,,,
8,9.0,Dallas Mavericks,26.3,42.0,30.0,41.0,31.0,2.26,-0.01,2.26,115.4,113.0,2.4,97.3,0.242,0.436,0.582,,0.55,11.1,21.1,0.189,,0.534,11.5,77.8,0.197,,American Airlines Center,94849.0,2635.0,2021,,,,,,,,,,,,,,,,,,,,,,,,,,,,,,,,,,,,,
9,10.0,New York Knicks,25.6,41.0,31.0,41.0,31.0,2.31,-0.18,2.13,110.6,108.2,2.4,95.9,0.242,0.347,0.559,,0.524,11.9,21.9,0.19,,0.509,11.7,78.6,0.196,,Madison Square Garden (IV),42131.0,1170.0,2021,,,,,,,,,,,,,,,,,,,,,,,,,,,,,,,,,,,,,
10,11.0,Atlanta Hawks,25.4,41.0,31.0,41.0,31.0,2.32,-0.18,2.14,115.7,113.3,2.4,97.6,0.278,0.382,0.581,,0.539,11.9,24.4,0.226,,0.53,11.1,77.8,0.19,,State Farm Arena,59288.0,1647.0,2021,,,,,,,,,,,,,,,,,,,,,,,,,,,,,,,,,,,,,
11,12.0,Portland Trail Blazers,27.4,42.0,30.0,40.0,32.0,1.79,0.01,1.81,117.8,116.0,1.8,98.4,0.238,0.448,0.577,,0.54,9.9,23.0,0.195,,0.546,11.2,77.5,0.203,,Moda Center,5817.0,162.0,2021,,,,,,,,,,,,,,,,,,,,,,,,,,,,,,,,,,,,,
12,13.0,Boston Celtics,25.1,36.0,36.0,39.0,33.0,1.46,-0.14,1.32,114.0,112.5,1.5,98.3,0.234,0.409,0.574,,0.543,12.5,24.3,0.181,,0.539,12.8,78.1,0.215,,TD Garden,30067.0,835.0,2021,,,,,,,,,,,,,,,,,,,,,,,,,,,,,,,,,,,,,
13,14.0,Golden State Warriors,26.7,39.0,33.0,38.0,34.0,1.06,0.04,1.1,111.1,110.1,1.0,102.2,0.239,0.439,0.583,,0.551,13.3,17.9,0.188,,0.522,13.1,76.6,0.223,,Chase Center,33457.0,929.0,2021,,,,,,,,,,,,,,,,,,,,,,,,,,,,,,,,,,,,,
14,15.0,Memphis Grizzlies,24.2,38.0,34.0,38.0,34.0,1.03,0.04,1.07,112.0,111.0,1.0,100.4,0.232,0.342,0.56,,0.528,11.6,24.2,0.179,,0.535,13.1,78.3,0.196,,FedEx Forum,61449.0,1707.0,2021,,,,,,,,,,,,,,,,,,,,,,,,,,,,,,,,,,,,,
15,16.0,Miami Heat,27.4,40.0,32.0,36.0,36.0,0.03,-0.09,-0.06,111.2,111.2,0.0,96.6,0.252,0.432,0.581,,0.546,13.1,19.4,0.199,,0.542,13.8,77.9,0.183,,AmericanAirlines Arena,,,2021,,,,,,,,,,,,,,,,,,,,,,,,,,,,,,,,,,,,,
16,17.0,Indiana Pacers,26.5,34.0,38.0,36.0,36.0,-0.04,-0.08,-0.13,112.4,112.4,0.0,101.6,0.227,0.372,0.575,,0.542,11.9,20.2,0.18,,0.531,12.7,74.9,0.201,,Bankers Life Fieldhouse,,,2021,,,,,,,,,,,,,,,,,,,,,,,,,,,,,,,,,,,,,
17,18.0,New Orleans Pelicans,24.8,31.0,41.0,35.0,37.0,-0.29,0.1,-0.2,113.5,113.8,-0.3,100.1,0.293,0.342,0.57,,0.537,12.7,26.3,0.214,,0.55,11.9,80.0,0.186,,Smoothie King Center,93120.0,2587.0,2021,,,,,,,,,,,,,,,,,,,,,,,,,,,,,,,,,,,,,
18,19.0,Toronto Raptors,26.6,27.0,45.0,35.0,37.0,-0.47,-0.07,-0.54,112.0,112.5,-0.5,99.2,0.241,0.444,0.567,,0.529,11.9,20.8,0.196,,0.543,14.4,76.3,0.234,,Amalie Arena,26024.0,723.0,2021,,,,,,,,,,,,,,,,,,,,,,,,,,,,,,,,,,,,,
19,20.0,Chicago Bulls,25.6,31.0,41.0,34.0,38.0,-0.89,-0.05,-0.94,111.1,112.0,-0.9,99.0,0.197,0.383,0.575,,0.547,13.6,22.3,0.156,,0.538,11.6,80.3,0.196,,United Center,13655.0,379.0,2021,,,,,,,,,,,,,,,,,,,,,,,,,,,,,,,,,,,,,
20,21.0,San Antonio Spurs,26.2,33.0,39.0,32.0,40.0,-1.74,0.15,-1.58,111.0,112.8,-1.8,98.9,0.243,0.314,0.554,,0.517,10.2,20.0,0.192,,0.541,11.8,77.3,0.174,,AT&T Center,61053.0,1696.0,2021,,,,,,,,,,,,,,,,,,,,,,,,,,,,,,,,,,,,,
21,22.0,Washington Wizards,26.6,34.0,38.0,32.0,40.0,-1.83,-0.01,-1.85,111.2,113.0,-1.8,104.1,0.288,0.319,0.569,,0.531,12.3,21.3,0.221,,0.539,12.5,77.6,0.217,,Capital One Arena,19198.0,533.0,2021,,,,,,,,,,,,,,,,,,,,,,,,,,,,,,,,,,,,,
22,23.0,Charlotte Hornets,24.6,33.0,39.0,32.0,40.0,-1.93,-0.01,-1.94,110.9,112.8,-1.9,98.3,0.238,0.422,0.564,,0.532,13.3,23.5,0.181,,0.55,13.2,75.7,0.163,,Spectrum Center,68255.0,1896.0,2021,,,,,,,,,,,,,,,,,,,,,,,,,,,,,,,,,,,,,
23,24.0,Sacramento Kings,25.6,31.0,41.0,28.0,44.0,-3.68,0.23,-3.45,113.6,117.2,-3.6,100.0,0.248,0.376,0.578,,0.549,12.0,21.3,0.185,,0.557,12.1,75.0,0.199,,Golden 1 Center,,,2021,,,,,,,,,,,,,,,,,,,,,,,,,,,,,,,,,,,,,
24,25.0,Detroit Pistons,24.5,20.0,52.0,26.0,46.0,-4.47,0.09,-4.38,108.0,112.5,-4.5,97.9,0.273,0.385,0.556,,0.519,13.5,21.9,0.207,,0.541,12.6,76.9,0.195,,Little Caesars Arena,14250.0,396.0,2021,,,,,,,,,,,,,,,,,,,,,,,,,,,,,,,,,,,,,
25,26.0,Minnesota Timberwolves,23.2,23.0,49.0,24.0,48.0,-5.56,0.31,-5.25,109.5,115.0,-5.5,101.6,0.254,0.413,0.555,,0.52,12.4,22.7,0.193,,0.556,13.3,76.8,0.207,,Target Center,15774.0,438.0,2021,,,,,,,,,,,,,,,,,,,,,,,,,,,,,,,,,,,,,
26,27.0,Houston Rockets,26.5,17.0,55.0,20.0,52.0,-7.9,0.4,-7.5,107.1,114.9,-7.8,101.4,0.252,0.459,0.553,,0.521,13.0,19.8,0.187,,0.555,12.9,77.1,0.201,,Toyota Center,117009.0,3250.0,2021,,,,,,,,,,,,,,,,,,,,,,,,,,,,,,,,,,,,,
27,28.0,Cleveland Cavaliers,24.0,22.0,50.0,18.0,54.0,-8.44,0.25,-8.19,105.8,114.4,-8.6,97.3,0.261,0.347,0.543,,0.508,13.9,23.6,0.194,,0.556,13.0,76.6,0.183,,Rocket Mortgage Fieldhouse,91476.0,2541.0,2021,,,,,,,,,,,,,,,,,,,,,,,,,,,,,,,,,,,,,
28,29.0,Orlando Magic,25.6,21.0,51.0,17.0,55.0,-9.31,0.29,-9.02,105.1,114.5,-9.4,98.7,0.24,0.356,0.527,,0.49,11.5,21.6,0.186,,0.547,11.5,78.2,0.169,,Amway Center,126463.0,3513.0,2021,,,,,,,,,,,,,,,,,,,,,,,,,,,,,,,,,,,,,
29,30.0,Oklahoma City Thunder,22.8,22.0,50.0,15.0,57.0,-10.64,0.51,-10.13,103.5,114.0,-10.5,101.0,0.242,0.399,0.539,,0.509,14.2,21.2,0.176,,0.547,11.5,77.9,0.167,,Chesapeake Energy Arena,,,2021,,,,,,,,,,,,,,,,,,,,,,,,,,,,,,,,,,,,,
30,,League Average,26.3,,,36.0,36.0,0.0,0.0,0.0,112.3,112.3,,99.2,0.247,0.392,0.572,,0.538,12.4,22.2,0.192,,0.538,12.4,77.8,0.192,,,49476.0,1374.0,2021,,,,,,,,,,,,,,,,,,,,,,,,,,,,,,,,,,,,,
31,1.0,Boston Celtics,26.1,51.0,31.0,59.0,23.0,7.28,-0.26,7.02,114.4,106.9,7.5,96.6,0.239,0.425,0.578,,0.542,12.4,24.0,0.195,,0.502,12.5,77.3,0.183,,TD Garden,785396.0,19156.0,2022,,,,,,,,,,,,,,,,,,,,,,,,,,,,,,,,,,,,,
32,2.0,Phoenix Suns,27.5,64.0,18.0,59.0,23.0,7.5,-0.56,6.94,114.8,107.3,7.5,99.8,0.221,0.354,0.581,,0.549,11.6,22.3,0.176,,0.51,13.0,77.1,0.195,,Phoenix Suns Arena,663171.0,16175.0,2022,,,,,,,,,,,,,,,,,,,,,,,,,,,,,,,,,,,,,
33,3.0,Utah Jazz,29.3,49.0,33.0,56.0,26.0,6.04,-0.37,5.67,116.7,110.5,6.2,97.1,0.271,0.468,0.589,,0.555,12.7,25.4,0.208,,0.521,10.9,78.3,0.164,,Vivint Smart Home Arena,750546.0,18306.0,2022,,,,,,,,,,,,,,,,,,,,,,,,,,,,,,,,,,,,,
34,4.0,Memphis Grizzlies,24.0,56.0,26.0,55.0,27.0,5.68,-0.32,5.37,114.6,109.0,5.6,100.3,0.245,0.346,0.553,,0.522,11.2,30.0,0.18,,0.523,13.3,77.8,0.195,,FedEx Forum,646785.0,15775.0,2022,,,,,,,,,,,,,,,,,,,,,,,,,,,,,,,,,,,,,
35,5.0,Golden State Warriors,27.6,53.0,29.0,55.0,27.0,5.54,-0.02,5.52,112.5,106.9,5.6,98.4,0.235,0.456,0.582,,0.552,13.5,22.8,0.181,,0.509,13.0,78.7,0.201,,Chase Center,740624.0,18064.0,2022,,,,,,,,,,,,,,,,,,,,,,,,,,,,,,,,,,,,,
36,6.0,Miami Heat,28.2,53.0,29.0,53.0,29.0,4.45,-0.22,4.23,113.7,109.1,4.6,95.9,0.252,0.422,0.584,,0.547,13.4,23.5,0.204,,0.524,13.8,78.0,0.209,,FTX Arena,804761.0,19628.0,2022,,,,,,,,,,,,,,,,,,,,,,,,,,,,,,,,,,,,,
37,7.0,Dallas Mavericks,26.7,52.0,30.0,50.0,32.0,3.3,-0.18,3.12,112.8,109.4,3.4,95.4,0.249,0.439,0.572,,0.538,11.7,21.3,0.192,,0.521,12.2,78.0,0.185,,American Airlines Center,808037.0,19708.0,2022,,,,,,,,,,,,,,,,,,,,,,,,,,,,,,,,,,,,,
38,8.0,Milwaukee Bucks,28.5,51.0,31.0,49.0,33.0,3.35,-0.14,3.22,115.1,111.8,3.3,99.9,0.257,0.43,0.58,,0.546,11.9,23.0,0.199,,0.536,11.6,78.6,0.165,,Fiserv Forum,715581.0,17453.0,2022,,,,,,,,,,,,,,,,,,,,,,,,,,,,,,,,,,,,,
39,9.0,Philadelphia 76ers,26.8,51.0,31.0,48.0,34.0,2.61,-0.04,2.57,113.5,110.8,2.7,96.2,0.282,0.376,0.578,,0.534,11.6,20.1,0.232,,0.524,12.1,76.8,0.192,,Wells Fargo Center,846867.0,20655.0,2022,,,,,,,,,,,,,,,,,,,,,,,,,,,,,,,,,,,,,
40,10.0,Minnesota Timberwolves,24.2,46.0,36.0,48.0,34.0,2.63,-0.1,2.53,114.3,111.7,2.6,100.9,0.254,0.454,0.573,,0.539,12.4,24.4,0.198,,0.535,14.2,74.9,0.227,,Target Center,657148.0,16028.0,2022,,,,,,,,,,,,,,,,,,,,,,,,,,,,,,,,,,,,,
41,11.0,Denver Nuggets,27.7,48.0,34.0,47.0,35.0,2.3,-0.15,2.16,114.5,112.1,2.4,97.8,0.244,0.416,0.59,,0.556,13.2,21.9,0.194,,0.537,11.7,78.3,0.188,,Ball Arena,695262.0,16958.0,2022,,,,,,,,,,,,,,,,,,,,,,,,,,,,,,,,,,,,,
42,12.0,Toronto Raptors,24.8,48.0,34.0,47.0,35.0,2.29,0.08,2.38,112.9,110.5,2.4,96.0,0.234,0.375,0.543,,0.51,11.0,28.4,0.177,,0.535,14.4,75.6,0.199,,Scotiabank Arena,547343.0,13350.0,2022,,,,,,,,,,,,,,,,,,,,,,,,,,,,,,,,,,,,,
43,13.0,Cleveland Cavaliers,24.7,44.0,38.0,47.0,35.0,2.12,-0.08,2.04,111.9,109.7,2.2,96.1,0.261,0.387,0.571,,0.538,13.2,24.0,0.198,,0.52,12.3,76.5,0.172,,Rocket Mortgage Fieldhouse,758228.0,18493.0,2022,,,,,,,,,,,,,,,,,,,,,,,,,,,,,,,,,,,,,
44,14.0,Atlanta Hawks,26.1,43.0,39.0,45.0,37.0,1.56,-0.01,1.55,116.5,114.9,1.6,97.7,0.253,0.39,0.581,,0.543,10.8,23.0,0.205,,0.543,11.5,76.9,0.177,,State Farm Arena,672742.0,16408.0,2022,,,,,,,,,,,,,,,,,,,,,,,,,,,,,,,,,,,,,
45,15.0,Brooklyn Nets,29.1,44.0,38.0,43.0,39.0,0.78,0.04,0.82,113.6,112.8,0.8,99.0,0.246,0.359,0.576,,0.54,12.5,23.9,0.198,,0.521,11.7,75.1,0.201,,Barclays Center,711539.0,17355.0,2022,,,,,,,,,,,,,,,,,,,,,,,,,,,,,,,,,,,,,
46,16.0,Charlotte Hornets,25.5,43.0,39.0,42.0,40.0,0.44,0.09,0.53,114.1,113.7,0.4,100.0,0.234,0.418,0.572,,0.544,11.6,23.3,0.173,,0.544,13.1,74.8,0.187,,Spectrum Center,700755.0,17092.0,2022,,,,,,,,,,,,,,,,,,,,,,,,,,,,,,,,,,,,,
47,17.0,San Antonio Spurs,24.5,34.0,48.0,41.0,41.0,0.12,-0.1,0.02,112.4,112.3,0.1,100.0,0.22,0.345,0.556,,0.527,11.1,23.7,0.166,,0.532,12.1,75.1,0.176,,AT&T Center,615588.0,15014.0,2022,,,,,,,,,,,,,,,,,,,,,,,,,,,,,,,,,,,,,
48,18.0,Los Angeles Clippers,27.5,42.0,40.0,41.0,41.0,0.02,0.06,0.09,110.1,110.1,0.0,98.0,0.224,0.391,0.564,,0.531,12.5,20.6,0.178,,0.514,12.0,74.4,0.167,,Crypto.com Arena,694005.0,16927.0,2022,,,,,,,,,,,,,,,,,,,,,,,,,,,,,,,,,,,,,
49,19.0,New York Knicks,26.0,37.0,45.0,41.0,41.0,-0.12,0.11,-0.01,110.4,110.5,-0.1,95.9,0.28,0.428,0.55,,0.513,12.0,25.1,0.208,,0.521,11.7,78.8,0.198,,Madison Square Garden (IV),763484.0,18622.0,2022,,,,,,,,,,,,,,,,,,,,,,,,,,,,,,,,,,,,,
50,20.0,Chicago Bulls,26.3,46.0,36.0,40.0,42.0,-0.39,0.02,-0.38,113.2,113.6,-0.4,98.3,0.248,0.332,0.579,,0.541,11.8,20.4,0.201,,0.541,11.9,78.3,0.199,,United Center,856148.0,20882.0,2022,,,,,,,,,,,,,,,,,,,,,,,,,,,,,,,,,,,,,
51,21.0,New Orleans Pelicans,25.6,36.0,46.0,38.0,44.0,-0.99,0.15,-0.84,112.0,113.0,-1.0,97.2,0.264,0.365,0.557,,0.517,12.5,26.9,0.208,,0.547,13.0,78.2,0.196,,Smoothie King Center,635941.0,15511.0,2022,,,,,,,,,,,,,,,,,,,,,,,,,,,,,,,,,,,,,
52,22.0,Los Angeles Lakers,30.2,33.0,49.0,33.0,49.0,-3.05,-0.03,-3.08,110.3,113.3,-3.0,100.1,0.259,0.388,0.567,,0.537,12.8,21.1,0.19,,0.54,12.2,75.8,0.192,,Crypto.com Arena,764631.0,18650.0,2022,,,,,,,,,,,,,,,,,,,,,,,,,,,,,,,,,,,,,
53,23.0,Washington Wizards,25.9,35.0,47.0,32.0,50.0,-3.38,0.15,-3.23,111.1,114.5,-3.4,97.0,0.252,0.356,0.568,,0.532,12.1,20.9,0.197,,0.529,10.7,76.9,0.202,,Capital One Arena,637215.0,15542.0,2022,,,,,,,,,,,,,,,,,,,,,,,,,,,,,,,,,,,,,
54,24.0,Indiana Pacers,26.0,25.0,57.0,32.0,50.0,-3.48,0.22,-3.26,112.6,116.1,-3.5,98.0,0.239,0.395,0.564,,0.531,12.7,25.5,0.184,,0.552,11.9,76.2,0.204,,Gainbridge Fieldhouse,588743.0,14360.0,2022,,,,,,,,,,,,,,,,,,,,,,,,,,,,,,,,,,,,,
55,25.0,Sacramento Kings,25.8,30.0,52.0,28.0,54.0,-5.46,0.2,-5.26,109.9,115.3,-5.4,99.8,0.264,0.377,0.561,,0.525,12.5,21.3,0.203,,0.551,11.9,76.0,0.176,,Golden 1 Center,577583.0,14087.0,2022,,,,,,,,,,,,,,,,,,,,,,,,,,,,,,,,,,,,,
56,26.0,Detroit Pistons,23.6,23.0,59.0,22.0,60.0,-7.72,0.37,-7.36,106.0,113.8,-7.8,98.4,0.249,0.391,0.533,,0.494,12.6,23.4,0.194,,0.541,13.1,75.6,0.226,,Little Caesars Arena,663556.0,16184.0,2022,,,,,,,,,,,,,,,,,,,,,,,,,,,,,,,,,,,,,
57,27.0,Orlando Magic,23.3,22.0,60.0,21.0,61.0,-8.0,0.33,-7.67,104.5,112.5,-8.0,99.2,0.223,0.417,0.538,,0.503,13.0,19.8,0.175,,0.532,11.7,77.2,0.196,,Amway Center,622881.0,15192.0,2022,,,,,,,,,,,,,,,,,,,,,,,,,,,,,,,,,,,,,
58,28.0,Oklahoma City Thunder,22.4,24.0,58.0,21.0,61.0,-8.1,0.2,-7.9,104.6,112.8,-8.2,98.6,0.223,0.419,0.53,,0.497,12.5,21.8,0.169,,0.533,11.8,76.1,0.169,,Paycom Center,595112.0,14515.0,2022,,,,,,,,,,,,,,,,,,,,,,,,,,,,,,,,,,,,,
59,29.0,Houston Rockets,24.1,20.0,62.0,21.0,61.0,-8.48,0.22,-8.26,108.4,116.7,-8.3,100.9,0.284,0.448,0.565,,0.534,14.5,21.7,0.202,,0.554,12.3,74.4,0.206,,Toyota Center,638977.0,15585.0,2022,,,,,,,,,,,,,,,,,,,,,,,,,,,,,,,,,,,,,
60,30.0,Portland Trail Blazers,25.6,27.0,55.0,20.0,62.0,-8.88,0.33,-8.55,107.8,116.9,-9.1,98.3,0.248,0.422,0.55,,0.515,13.0,22.9,0.188,,0.559,12.7,76.9,0.222,,Moda Center,705608.0,17210.0,2022,,,,,,,,,,,,,,,,,,,,,,,,,,,,,,,,,,,,,
61,,League Average,26.3,,,41.0,41.0,0.0,0.0,0.0,112.0,112.0,,98.2,0.248,0.399,0.566,,0.532,12.3,23.2,0.192,,0.532,12.3,76.8,0.192,,,695475.0,16963.0,2022,,,,,,,,,,,,,,,,,,,,,,,,,,,,,,,,,,,,,
62,1.0,Boston Celtics,27.4,57.0,25.0,57.0,25.0,6.52,-0.15,6.38,118.0,111.5,6.5,98.5,0.243,0.48,0.6,,0.566,12.0,22.1,0.197,,0.528,11.3,78.5,0.18,,TD Garden,785396.0,19156.0,2023,,,,,,,,,,,,,,,,,,,,,,,,,,,,,,,,,,,,,
63,2.0,Cleveland Cavaliers,25.4,51.0,31.0,55.0,27.0,5.38,-0.15,5.23,116.1,110.6,5.5,95.7,0.264,0.371,0.59,,0.556,12.3,23.6,0.206,,0.535,14.4,76.3,0.21,,Rocket Mortgage Fieldhouse,777280.0,18958.0,2023,,,,,,,,,,,,,,,,,,,,,,,,,,,,,,,,,,,,,
64,3.0,Philadelphia 76ers,28.2,54.0,28.0,52.0,30.0,4.32,0.06,4.37,117.7,113.3,4.4,96.9,0.3,0.389,0.608,,0.563,12.6,21.6,0.25,,0.541,13.0,77.2,0.217,,Wells Fargo Center,839261.0,20470.0,2023,,,,,,,,,,,,,,,,,,,,,,,,,,,,,,,,,,,,,
65,4.0,Memphis Grizzlies,24.4,51.0,31.0,51.0,31.0,3.94,-0.34,3.6,115.1,111.2,3.9,101.1,0.259,0.372,0.57,,0.54,11.7,26.5,0.19,,0.526,13.1,75.9,0.206,,FedEx Forum,707836.0,17264.0,2023,,,,,,,,,,,,,,,,,,,,,,,,,,,,,,,,,,,,,
66,5.0,Milwaukee Bucks,29.8,58.0,24.0,50.0,32.0,3.63,-0.02,3.61,115.4,111.9,3.5,100.5,0.248,0.446,0.583,,0.555,12.7,25.0,0.184,,0.52,10.4,77.8,0.175,,Fiserv Forum,718786.0,17531.0,2023,,,,,,,,,,,,,,,,,,,,,,,,,,,,,,,,,,,,,
67,6.0,Denver Nuggets,26.6,53.0,29.0,49.0,33.0,3.33,-0.29,3.04,117.6,114.2,3.4,98.1,0.259,0.361,0.601,,0.573,13.1,24.8,0.194,,0.543,12.2,76.4,0.201,,Ball Arena,788635.0,19235.0,2023,,,,,,,,,,,,,,,,,,,,,,,,,,,,,,,,,,,,,
68,7.0,New York Knicks,24.5,47.0,35.0,48.0,34.0,2.93,0.06,2.99,117.8,114.8,3.0,97.1,0.285,0.4,0.577,,0.541,11.4,28.3,0.217,,0.536,11.4,77.1,0.21,,Madison Square Garden (IV),795110.0,19393.0,2023,,,,,,,,,,,,,,,,,,,,,,,,,,,,,,,,,,,,,
69,8.0,Sacramento Kings,25.4,48.0,34.0,47.0,35.0,2.65,-0.35,2.3,119.4,116.8,2.6,100.3,0.284,0.423,0.608,,0.572,12.0,22.7,0.225,,0.563,12.6,77.2,0.203,,Golden 1 Center,715491.0,17451.0,2023,,,,,,,,,,,,,,,,,,,,,,,,,,,,,,,,,,,,,
70,9.0,Phoenix Suns,28.1,45.0,37.0,46.0,36.0,2.07,0.01,2.08,115.1,113.0,2.1,98.2,0.241,0.362,0.57,,0.535,12.0,26.6,0.191,,0.532,12.9,76.0,0.234,,Footprint Center,699911.0,17071.0,2023,,,,,,,,,,,,,,,,,,,,,,,,,,,,,,,,,,,,,
71,10.0,New Orleans Pelicans,25.9,42.0,40.0,46.0,36.0,1.89,-0.26,1.63,114.4,112.5,1.9,99.1,0.279,0.344,0.582,,0.543,12.9,24.7,0.221,,0.543,13.4,77.4,0.212,,Smoothie King Center,687691.0,16773.0,2023,,,,,,,,,,,,,,,,,,,,,,,,,,,,,,,,,,,,,
72,11.0,Golden State Warriors,27.3,44.0,38.0,45.0,37.0,1.8,-0.15,1.66,116.1,114.4,1.7,101.6,0.224,0.479,0.6,,0.571,14.1,24.4,0.178,,0.54,12.3,76.0,0.214,,Chase Center,740624.0,18064.0,2023,,,,,,,,,,,,,,,,,,,,,,,,,,,,,,,,,,,,,
73,12.0,Toronto Raptors,25.8,41.0,41.0,45.0,37.0,1.48,0.12,1.59,115.5,114.0,1.5,97.1,0.257,0.351,0.555,,0.517,10.3,27.8,0.201,,0.565,15.3,76.7,0.223,,Scotiabank Arena,811261.0,19787.0,2023,,,,,,,,,,,,,,,,,,,,,,,,,,,,,,,,,,,,,
74,13.0,Chicago Bulls,27.5,40.0,42.0,44.0,38.0,1.29,0.07,1.37,113.5,112.2,1.3,98.5,0.251,0.333,0.587,,0.55,12.2,20.1,0.203,,0.544,13.5,77.8,0.197,,United Center,841632.0,20528.0,2023,,,,,,,,,,,,,,,,,,,,,,,,,,,,,,,,,,,,,
75,14.0,Oklahoma City Thunder,22.8,40.0,42.0,44.0,38.0,1.09,-0.12,0.96,115.2,114.2,1.0,101.1,0.256,0.369,0.57,,0.531,11.2,24.7,0.207,,0.547,14.4,72.9,0.222,,Paycom Center,636903.0,15534.0,2023,,,,,,,,,,,,,,,,,,,,,,,,,,,,,,,,,,,,,
76,15.0,Brooklyn Nets,28.0,45.0,37.0,43.0,39.0,0.85,0.18,1.03,115.0,114.1,0.9,98.3,0.26,0.397,0.598,,0.562,12.7,19.6,0.208,,0.53,12.2,73.7,0.212,,Barclays Center,724439.0,17669.0,2023,,,,,,,,,,,,,,,,,,,,,,,,,,,,,,,,,,,,,
77,16.0,Los Angeles Lakers,27.9,43.0,39.0,42.0,40.0,0.57,-0.15,0.43,114.5,113.9,0.6,101.3,0.299,0.351,0.582,,0.542,12.3,22.8,0.232,,0.535,10.9,76.3,0.171,,Crypto.com Arena,763168.0,18614.0,2023,,,,,,,,,,,,,,,,,,,,,,,,,,,,,,,,,,,,,
78,17.0,Los Angeles Clippers,29.7,44.0,38.0,42.0,40.0,0.5,-0.19,0.31,115.0,114.5,0.5,98.0,0.278,0.387,0.588,,0.551,12.8,22.9,0.217,,0.543,11.7,76.6,0.195,,Crypto.com Arena,720543.0,17574.0,2023,,,,,,,,,,,,,,,,,,,,,,,,,,,,,,,,,,,,,
79,18.0,Atlanta Hawks,24.9,41.0,41.0,42.0,40.0,0.29,0.02,0.32,116.6,116.3,0.3,100.7,0.244,0.331,0.579,,0.541,11.2,25.1,0.2,,0.552,12.4,75.8,0.206,,State Farm Arena,719787.0,17556.0,2023,,,,,,,,,,,,,,,,,,,,,,,,,,,,,,,,,,,,,
80,19.0,Dallas Mavericks,27.8,38.0,44.0,41.0,41.0,0.07,-0.22,-0.14,116.8,116.7,0.1,96.6,0.298,0.487,0.599,,0.565,11.4,18.0,0.225,,0.549,11.9,75.5,0.226,,American Airlines Center,827282.0,20178.0,2023,,,,,,,,,,,,,,,,,,,,,,,,,,,,,,,,,,,,,
81,20.0,Minnesota Timberwolves,25.8,42.0,40.0,41.0,41.0,-0.04,-0.18,-0.22,113.7,113.8,-0.1,101.0,0.271,0.381,0.592,,0.56,13.6,21.5,0.205,,0.54,13.3,74.3,0.225,,Target Center,687510.0,16769.0,2023,,,,,,,,,,,,,,,,,,,,,,,,,,,,,,,,,,,,,
82,21.0,Miami Heat,27.7,44.0,38.0,40.0,42.0,-0.32,0.18,-0.13,113.0,113.3,-0.3,96.3,0.27,0.408,0.574,,0.53,12.4,22.8,0.224,,0.561,14.5,77.7,0.198,,Kaseya Center,807190.0,19688.0,2023,,,,,,,,,,,,,,,,,,,,,,,,,,,,,,,,,,,,,
83,22.0,Utah Jazz,26.5,37.0,45.0,39.0,43.0,-0.94,-0.09,-1.03,115.8,116.7,-0.9,100.5,0.265,0.421,0.584,,0.547,13.3,26.8,0.209,,0.541,10.9,75.2,0.205,,Vivint Arena,728240.0,17762.0,2023,,,,,,,,,,,,,,,,,,,,,,,,,,,,,,,,,,,,,
84,23.0,Washington Wizards,26.2,35.0,47.0,38.0,44.0,-1.21,0.15,-1.06,114.4,115.6,-1.2,98.6,0.258,0.365,0.585,,0.55,12.7,22.6,0.202,,0.54,11.0,76.1,0.194,,Capital One Arena,710481.0,17329.0,2023,,,,,,,,,,,,,,,,,,,,,,,,,,,,,,,,,,,,,
85,24.0,Orlando Magic,23.1,34.0,48.0,35.0,47.0,-2.56,0.17,-2.39,111.6,114.2,-2.6,99.3,0.29,0.361,0.573,,0.532,13.4,23.8,0.227,,0.55,13.1,77.7,0.211,,Amway Center,728405.0,17766.0,2023,,,,,,,,,,,,,,,,,,,,,,,,,,,,,,,,,,,,,
86,25.0,Indiana Pacers,24.5,35.0,47.0,33.0,49.0,-3.18,0.28,-2.91,114.6,117.7,-3.1,101.1,0.265,0.413,0.581,,0.545,13.0,23.4,0.209,,0.554,13.0,72.2,0.229,,Gainbridge Fieldhouse,641562.0,15648.0,2023,,,,,,,,,,,,,,,,,,,,,,,,,,,,,,,,,,,,,
87,26.0,Portland Trail Blazers,25.1,33.0,49.0,31.0,51.0,-4.01,0.05,-3.96,114.8,118.8,-4.0,98.6,0.289,0.413,0.589,,0.549,13.1,22.4,0.23,,0.563,12.1,74.9,0.217,,Moda Center,767374.0,18716.0,2023,,,,,,,,,,,,,,,,,,,,,,,,,,,,,,,,,,,,,
88,27.0,Charlotte Hornets,25.3,27.0,55.0,26.0,56.0,-6.24,0.35,-5.89,109.2,115.3,-6.1,100.8,0.261,0.36,0.55,,0.516,12.3,23.8,0.195,,0.544,12.5,75.5,0.211,,Spectrum Center,702052.0,17123.0,2023,,,,,,,,,,,,,,,,,,,,,,,,,,,,,,,,,,,,,
89,28.0,Houston Rockets,22.1,22.0,60.0,23.0,59.0,-7.85,0.24,-7.62,111.4,119.3,-7.9,99.0,0.285,0.359,0.554,,0.516,14.0,30.2,0.215,,0.564,11.8,75.8,0.218,,Toyota Center,668865.0,16314.0,2023,,,,,,,,,,,,,,,,,,,,,,,,,,,,,,,,,,,,,
90,29.0,Detroit Pistons,24.1,17.0,65.0,22.0,60.0,-8.22,0.49,-7.73,110.7,118.9,-8.2,99.0,0.295,0.372,0.561,,0.52,13.3,24.9,0.227,,0.557,11.9,74.0,0.231,,Little Caesars Arena,759715.0,18596.0,2023,,,,,,,,,,,,,,,,,,,,,,,,,,,,,,,,,,,,,
91,30.0,San Antonio Spurs,23.9,22.0,60.0,19.0,63.0,-10.04,0.22,-9.82,110.2,120.0,-9.8,101.6,0.229,0.348,0.554,,0.525,13.0,25.6,0.17,,0.576,12.0,74.9,0.201,,AT&T Center,694434.0,15508.0,2023,,,,,,,,,,,,,,,,,,,,,,,,,,,,,,,,,,,,,
92,,League Average,26.3,,,41.0,41.0,0.0,0.0,0.0,114.8,114.8,,99.1,0.266,0.387,0.581,,0.545,12.5,24.0,0.208,,0.545,12.5,76.0,0.208,,,739895.0,18008.0,2023,,,,,,,,,,,,,,,,,,,,,,,,,,,,,,,,,,,,,
93,1.0,Boston Celtics,28.2,64.0,18.0,66.0,16.0,11.34,-0.6,10.75,123.2,111.6,11.6,97.2,0.224,0.471,0.609,,0.578,10.8,24.9,0.18,,0.523,10.8,76.3,0.145,,TD Garden,785396.0,19156.0,2024,,,,,,,,,,,,,,,,,,,,,,,,,,,,,,,,,,,,,
94,2.0,Oklahoma City Thunder,23.4,57.0,25.0,58.0,24.0,7.41,-0.05,7.36,119.5,112.1,7.4,99.8,0.24,0.383,0.608,,0.573,11.4,21.1,0.198,,0.53,13.6,73.8,0.202,,Paycom Center,715509.0,17451.0,2024,,,,,,,,,,,,,,,,,,,,,,,,,,,,,,,,,,,,,
95,3.0,Minnesota Timberwolves,27.2,56.0,26.0,57.0,25.0,6.45,-0.07,6.39,115.6,109.0,6.6,97.1,0.27,0.384,0.594,,0.559,13.0,23.2,0.209,,0.515,12.9,76.9,0.197,,Target Center,720960.0,17584.0,2024,,,,,,,,,,,,,,,,,,,,,,,,,,,,,,,,,,,,,
96,4.0,Denver Nuggets,27.1,57.0,25.0,54.0,28.0,5.26,-0.03,5.23,118.5,113.0,5.5,96.8,0.224,0.352,0.589,,0.562,11.5,25.5,0.17,,0.526,11.2,75.6,0.195,,Ball Arena,807062.0,19684.0,2024,,,,,,,,,,,,,,,,,,,,,,,,,,,,,,,,,,,,,
97,5.0,New York Knicks,26.4,50.0,32.0,53.0,29.0,4.59,-0.23,4.36,118.2,113.4,4.8,95.2,0.246,0.404,0.574,,0.54,11.9,29.4,0.192,,0.543,12.3,76.1,0.176,,Madison Square Garden (IV),808885.0,19729.0,2024,,,,,,,,,,,,,,,,,,,,,,,,,,,,,,,,,,,,,
98,6.0,New Orleans Pelicans,26.0,49.0,33.0,52.0,30.0,4.41,0.05,4.46,117.4,112.9,4.5,97.9,0.261,0.373,0.591,,0.558,11.8,24.4,0.202,,0.541,12.9,76.9,0.186,,Smoothie King Center,692054.0,17301.0,2024,,,,,,,,,,,,,,,,,,,,,,,,,,,,,,,,,,,,,
99,7.0,Los Angeles Clippers,30.4,51.0,31.0,49.0,33.0,3.28,0.13,3.41,118.8,115.4,3.4,97.2,0.256,0.383,0.599,,0.561,12.0,24.4,0.211,,0.541,11.7,74.8,0.183,,Crypto.com Arena,776782.0,18946.0,2024,,,,,,,,,,,,,,,,,,,,,,,,,,,,,,,,,,,,,
100,8.0,Philadelphia 76ers,28.4,47.0,35.0,49.0,33.0,3.05,-0.54,2.51,116.9,113.8,3.1,97.5,0.264,0.373,0.574,,0.532,10.7,24.8,0.218,,0.537,13.1,74.3,0.215,,Wells Fargo Center,821714.0,20042.0,2024,,,,,,,,,,,,,,,,,,,,,,,,,,,,,,,,,,,,,
101,9.0,Phoenix Suns,29.3,49.0,33.0,49.0,33.0,3.06,0.02,3.08,117.6,114.6,3.0,98.3,0.271,0.378,0.603,,0.565,13.4,25.0,0.219,,0.536,11.3,75.6,0.178,,Footprint Center,699911.0,17071.0,2024,,,,,,,,,,,,,,,,,,,,,,,,,,,,,,,,,,,,,
102,10.0,Indiana Pacers,25.3,47.0,35.0,48.0,34.0,3.05,-0.3,2.75,121.0,118.0,3.0,101.7,0.222,0.38,0.606,,0.578,11.3,23.8,0.173,,0.556,12.1,74.1,0.228,,Gainbridge Fieldhouse,677554.0,16526.0,2024,,,,,,,,,,,,,,,,,,,,,,,,,,,,,,,,,,,,,
103,11.0,Golden State Warriors,28.4,46.0,36.0,47.0,35.0,2.61,0.16,2.77,117.8,115.2,2.6,99.2,0.219,0.425,0.586,,0.557,12.5,27.5,0.171,,0.539,11.5,76.1,0.195,,Chase Center,740624.0,18064.0,2024,,,,,,,,,,,,,,,,,,,,,,,,,,,,,,,,,,,,,
104,12.0,Milwaukee Bucks,30.2,49.0,33.0,47.0,35.0,2.62,-0.18,2.44,118.4,115.8,2.6,99.9,0.27,0.43,0.601,,0.568,11.5,21.8,0.209,,0.539,10.6,77.2,0.189,,Fiserv Forum,740850.0,17659.0,2024,,,,,,,,,,,,,,,,,,,,,,,,,,,,,,,,,,,,,
105,13.0,Cleveland Cavaliers,26.2,48.0,34.0,47.0,35.0,2.41,-0.44,1.98,115.2,112.7,2.5,97.2,0.234,0.422,0.586,,0.557,12.4,23.2,0.179,,0.535,12.3,76.9,0.19,,Rocket Mortgage Fieldhouse,793167.0,19432.0,2024,,,,,,,,,,,,,,,,,,,,,,,,,,,,,,,,,,,,,
106,14.0,Dallas Mavericks,26.5,50.0,32.0,46.0,36.0,2.21,0.09,2.3,117.6,115.4,2.2,100.1,0.251,0.441,0.592,,0.562,11.2,22.2,0.19,,0.548,12.1,75.2,0.184,,American Airlines Center,828897.0,20217.0,2024,,,,,,,,,,,,,,,,,,,,,,,,,,,,,,,,,,,,,
107,15.0,Orlando Magic,24.0,47.0,35.0,46.0,36.0,2.02,-0.55,1.48,113.4,111.3,2.1,96.9,0.287,0.369,0.577,,0.541,13.3,25.3,0.218,,0.543,13.8,78.1,0.206,,Kia Center,773939.0,18849.0,2024,,,,,,,,,,,,,,,,,,,,,,,,,,,,,,,,,,,,,
108,16.0,Miami Heat,28.0,46.0,36.0,46.0,36.0,1.76,-0.66,1.1,114.0,112.2,1.8,96.2,0.257,0.394,0.578,,0.538,11.7,21.8,0.21,,0.543,12.7,78.1,0.174,,Kaseya Center,809743.0,19750.0,2024,,,,,,,,,,,,,,,,,,,,,,,,,,,,,,,,,,,,,
109,17.0,Sacramento Kings,26.4,46.0,36.0,45.0,37.0,1.74,0.55,2.29,116.9,115.2,1.7,98.8,0.229,0.432,0.582,,0.556,11.6,24.5,0.171,,0.555,12.5,78.4,0.213,,Golden 1 Center,735015.0,17927.0,2024,,,,,,,,,,,,,,,,,,,,,,,,,,,,,,,,,,,,,
110,18.0,Houston Rockets,25.1,41.0,41.0,44.0,38.0,1.12,0.12,1.24,114.5,113.4,1.1,99.0,0.257,0.397,0.565,,0.529,11.2,25.1,0.199,,0.533,12.2,76.0,0.219,,Toyota Center,720045.0,17562.0,2024,,,,,,,,,,,,,,,,,,,,,,,,,,,,,,,,,,,,,
111,19.0,Los Angeles Lakers,28.0,47.0,35.0,42.0,40.0,0.6,0.48,1.07,115.9,115.3,0.6,100.9,0.276,0.358,0.601,,0.566,12.5,19.9,0.216,,0.55,11.7,76.2,0.153,,Crypto.com Arena,793945.0,18925.0,2024,,,,,,,,,,,,,,,,,,,,,,,,,,,,,,,,,,,,,
112,20.0,Chicago Bulls,28.1,39.0,43.0,37.0,45.0,-1.44,-0.33,-1.77,114.9,116.3,-1.4,96.3,0.236,0.358,0.568,,0.534,11.0,25.1,0.187,,0.556,12.7,76.4,0.195,,United Center,845620.0,20625.0,2024,,,,,,,,,,,,,,,,,,,,,,,,,,,,,,,,,,,,,
113,21.0,Atlanta Hawks,26.2,36.0,46.0,36.0,46.0,-2.18,-0.19,-2.38,117.2,119.4,-2.2,100.1,0.251,0.408,0.576,,0.539,11.6,27.1,0.2,,0.572,12.4,75.2,0.192,,State Farm Arena,696418.0,16986.0,2024,,,,,,,,,,,,,,,,,,,,,,,,,,,,,,,,,,,,,
114,22.0,Brooklyn Nets,26.1,32.0,50.0,34.0,48.0,-2.89,-0.13,-3.02,113.2,116.1,-2.9,96.9,0.234,0.412,0.561,,0.531,11.8,25.2,0.177,,0.543,11.4,76.0,0.193,,Barclays Center,720291.0,17568.0,2024,,,,,,,,,,,,,,,,,,,,,,,,,,,,,,,,,,,,,
115,23.0,Utah Jazz,25.1,31.0,51.0,29.0,53.0,-4.89,0.68,-4.22,115.5,120.4,-4.9,99.5,0.251,0.406,0.579,,0.539,13.6,28.1,0.209,,0.567,10.9,75.2,0.182,,Delta Center,746446.0,18206.0,2024,,,,,,,,,,,,,,,,,,,,,,,,,,,,,,,,,,,,,
116,24.0,San Antonio Spurs,23.0,22.0,60.0,26.0,56.0,-6.49,0.69,-5.8,110.0,116.4,-6.4,101.1,0.22,0.401,0.563,,0.532,13.2,22.9,0.172,,0.555,11.7,76.4,0.174,,Frost Bank Center,742522.0,18211.0,2024,,,,,,,,,,,,,,,,,,,,,,,,,,,,,,,,,,,,,
117,25.0,Toronto Raptors,25.9,25.0,57.0,26.0,56.0,-6.44,-0.01,-6.45,112.3,118.8,-6.5,99.4,0.241,0.369,0.566,,0.535,12.4,24.2,0.182,,0.566,12.2,73.9,0.172,,Scotiabank Arena,800129.0,19515.0,2024,,,,,,,,,,,,,,,,,,,,,,,,,,,,,,,,,,,,,
118,26.0,Memphis Grizzlies,24.4,27.0,55.0,24.0,58.0,-7.0,0.43,-6.57,107.2,114.3,-7.1,98.2,0.238,0.428,0.543,,0.509,13.4,23.8,0.182,,0.551,13.5,74.8,0.195,,FedEx Forum,681875.0,16631.0,2024,,,,,,,,,,,,,,,,,,,,,,,,,,,,,,,,,,,,,
119,27.0,Detroit Pistons,23.8,14.0,68.0,20.0,62.0,-9.11,0.05,-9.06,109.7,118.8,-9.1,99.8,0.246,0.36,0.562,,0.526,13.5,23.9,0.193,,0.558,11.1,77.3,0.221,,Little Caesars Arena,726378.0,18159.0,2024,,,,,,,,,,,,,,,,,,,,,,,,,,,,,,,,,,,,,
120,28.0,Washington Wizards,24.9,15.0,67.0,20.0,62.0,-9.29,0.0,-9.29,110.5,119.6,-9.1,102.7,0.221,0.389,0.567,,0.538,12.2,20.0,0.169,,0.562,12.0,72.5,0.201,,Capital One Arena,692851.0,16899.0,2024,,,,,,,,,,,,,,,,,,,,,,,,,,,,,,,,,,,,,
121,29.0,Portland Trail Blazers,24.1,21.0,61.0,20.0,62.0,-9.02,0.74,-8.29,108.3,117.5,-9.2,97.2,0.228,0.37,0.539,,0.503,13.4,27.5,0.181,,0.558,12.8,74.0,0.216,,Moda Center,751395.0,18327.0,2024,,,,,,,,,,,,,,,,,,,,,,,,,,,,,,,,,,,,,
122,30.0,Charlotte Hornets,25.1,21.0,61.0,18.0,64.0,-10.24,0.13,-10.12,109.3,119.8,-10.5,97.3,0.212,0.391,0.56,,0.529,12.6,21.1,0.167,,0.572,12.3,74.5,0.188,,Spectrum Center,674400.0,16449.0,2024,,,,,,,,,,,,,,,,,,,,,,,,,,,,,,,,,,,,,
123,,League Average,26.6,,,41.0,41.0,0.0,0.0,0.0,115.3,115.3,,98.5,0.244,0.395,0.58,,0.547,12.1,24.2,0.192,,0.547,12.1,75.8,0.192,,,750679.0,18315.0,2024,,,,,,,,,,,,,,,,,,,,,,,,,,,,,,,,,,,,,
0,,Milwaukee Bucks,,46.0,26.0,,,,,,,,,,,,,,,,,,,,,,,,,,,2021,72.0,240.7,44.7,91.8,0.487,14.4,37.1,0.389,30.3,54.7,0.554,16.2,21.4,0.76,10.3,37.8,48.1,25.5,8.1,4.6,13.8,17.3,120.1,0.639,120.1,114.2,East,120.1,10.3,37.8,25.5,14.4,37.1,8.1,4.6,5.899999999999992,
1,,Brooklyn Nets,,48.0,24.0,,,,,,,,,,,,,,,,,,,,,,,,,,,2021,72.0,241.7,43.1,87.3,0.494,14.2,36.1,0.392,29.0,51.2,0.565,18.1,22.5,0.804,8.9,35.5,44.4,26.8,6.7,5.3,13.5,19.0,118.6,0.667,118.6,114.1,East,118.6,8.9,35.5,26.8,14.2,36.1,6.7,5.3,4.5,
2,,Washington Wizards,,34.0,38.0,,,,,,,,,,,,,,,,,,,,,,,,,,,2021,72.0,241.7,43.2,90.9,0.475,10.2,29.0,0.351,33.0,61.9,0.533,20.1,26.2,0.769,9.7,35.5,45.2,25.5,7.3,4.1,14.4,21.6,116.6,0.472,116.6,118.5,East,116.6,9.7,35.5,25.5,10.2,29.0,7.3,4.1,-1.9000000000000057,
3,,Utah Jazz,,52.0,20.0,,,,,,,,,,,,,,,,,,,,,,,,,,,2021,72.0,241.0,41.3,88.1,0.468,16.7,43.0,0.389,24.5,45.1,0.544,17.2,21.5,0.799,10.6,37.6,48.3,23.7,6.6,5.2,14.2,18.5,116.4,0.722,116.4,107.2,West,116.4,10.6,37.6,23.7,16.7,43.0,6.6,5.2,9.200000000000005,
4,,Portland Trail Blazers,,42.0,30.0,,,,,,,,,,,,,,,,,,,,,,,,,,,2021,72.0,240.3,41.3,91.1,0.453,15.7,40.8,0.385,25.6,50.3,0.509,17.8,21.6,0.823,10.6,33.9,44.5,21.3,6.9,5.0,11.1,18.9,116.1,0.583,116.1,114.3,West,116.1,10.6,33.9,21.3,15.7,40.8,6.9,5.0,1.7999999999999972,
5,,Phoenix Suns,,51.0,21.0,,,,,,,,,,,,,,,,,,,,,,,,,,,2021,72.0,242.8,43.3,88.3,0.49,13.1,34.6,0.378,30.3,53.7,0.563,15.6,18.7,0.834,8.8,34.2,42.9,26.9,7.2,4.3,12.5,19.1,115.3,0.708,115.3,109.5,West,115.3,8.8,34.2,26.9,13.1,34.6,7.2,4.3,5.799999999999997,
6,,Indiana Pacers,,34.0,38.0,,,,,,,,,,,,,,,,,,,,,,,,,,,2021,72.0,242.4,43.3,91.2,0.474,12.3,34.0,0.364,30.9,57.3,0.54,16.4,20.7,0.792,9.0,33.7,42.7,27.4,8.5,6.4,13.5,20.2,115.3,0.472,115.3,115.3,East,115.3,9.0,33.7,27.4,12.3,34.0,8.5,6.4,0.0,
7,,Denver Nuggets,,47.0,25.0,,,,,,,,,,,,,,,,,,,,,,,,,,,2021,72.0,242.8,43.3,89.2,0.485,12.9,34.2,0.377,30.4,55.0,0.552,15.7,19.5,0.803,10.5,33.9,44.4,26.8,8.1,4.5,13.5,19.1,115.1,0.653,115.1,110.1,West,115.1,10.5,33.9,26.8,12.9,34.2,8.1,4.5,5.0,
8,,New Orleans Pelicans,,31.0,41.0,,,,,,,,,,,,,,,,,,,,,,,,,,,2021,72.0,242.1,42.5,89.1,0.477,10.6,30.4,0.348,31.9,58.6,0.544,19.0,26.1,0.729,11.7,35.7,47.4,26.0,7.6,4.4,14.6,18.0,114.6,0.431,114.6,114.9,West,114.6,11.7,35.7,26.0,10.6,30.4,7.6,4.4,-0.3000000000000113,
9,,Los Angeles Clippers,,47.0,25.0,,,,,,,,,,,,,,,,,,,,,,,,,,,2021,72.0,240.0,41.8,86.7,0.482,14.3,34.7,0.411,27.5,52.0,0.529,16.2,19.3,0.839,9.4,34.7,44.2,24.4,7.1,4.1,13.2,19.2,114.0,0.653,114.0,107.8,West,114.0,9.4,34.7,24.4,14.3,34.7,7.1,4.1,6.200000000000003,
10,,Atlanta Hawks,,41.0,31.0,,,,,,,,,,,,,,,,,,,,,,,,,,,2021,72.0,241.7,40.8,87.2,0.468,12.4,33.4,0.373,28.4,53.9,0.526,19.7,24.2,0.812,10.6,35.1,45.6,24.1,7.0,4.8,13.2,19.3,113.7,0.569,113.7,111.4,East,113.7,10.6,35.1,24.1,12.4,33.4,7.0,4.8,2.299999999999997,
11,,Sacramento Kings,,31.0,41.0,,,,,,,,,,,,,,,,,,,,,,,,,,,2021,72.0,240.3,42.6,88.6,0.481,12.1,33.3,0.364,30.5,55.3,0.551,16.4,22.0,0.745,9.4,32.0,41.4,25.5,7.5,5.0,13.4,19.4,113.7,0.431,113.7,117.4,West,113.7,9.4,32.0,25.5,12.1,33.3,7.5,5.0,-3.700000000000003,
12,,Golden State Warriors,,39.0,33.0,,,,,,,,,,,,,,,,,,,,,,,,,,,2021,72.0,240.3,41.3,88.2,0.468,14.6,38.7,0.376,26.7,49.4,0.541,16.6,21.1,0.785,8.0,35.1,43.0,27.7,8.2,4.8,15.0,21.2,113.7,0.542,113.7,112.7,West,113.7,8.0,35.1,27.7,14.6,38.7,8.2,4.8,1.0,
13,,Philadelphia 76ers,,49.0,23.0,,,,,,,,,,,,,,,,,,,,,,,,,,,2021,72.0,242.1,41.4,86.9,0.476,11.3,30.1,0.374,30.1,56.8,0.531,19.6,25.5,0.767,10.0,35.0,45.1,23.7,9.1,6.2,14.4,20.2,113.6,0.681,113.6,108.1,East,113.6,10.0,35.0,23.7,11.3,30.1,9.1,6.2,5.5,
14,,Memphis Grizzlies,,38.0,34.0,,,,,,,,,,,,,,,,,,,,,,,,,,,2021,72.0,241.7,42.8,91.8,0.467,11.2,31.4,0.356,31.7,60.4,0.525,16.4,21.3,0.771,11.2,35.3,46.5,26.9,9.1,5.1,13.3,18.7,113.3,0.528,113.3,112.3,West,113.3,11.2,35.3,26.9,11.2,31.4,9.1,5.1,1.0,
15,,Boston Celtics,,36.0,36.0,,,,,,,,,,,,,,,,,,,,,,,,,,,2021,72.0,241.4,41.5,88.9,0.466,13.6,36.4,0.374,27.9,52.5,0.53,16.1,20.8,0.775,10.6,33.6,44.3,23.5,7.7,5.3,14.1,20.4,112.6,0.5,112.6,111.2,East,112.6,10.6,33.6,23.5,13.6,36.4,7.7,5.3,1.3999999999999917,
16,,Dallas Mavericks,,42.0,30.0,,,,,,,,,,,,,,,,,,,,,,,,,,,2021,72.0,240.3,41.1,87.3,0.47,13.8,38.1,0.362,27.3,49.2,0.554,16.5,21.2,0.778,9.1,34.2,43.3,22.9,6.3,4.3,12.1,19.4,112.4,0.583,112.4,110.2,West,112.4,9.1,34.2,22.9,13.8,38.1,6.3,4.3,2.200000000000003,
17,,Minnesota Timberwolves,,23.0,49.0,,,,,,,,,,,,,,,,,,,,,,,,,,,2021,72.0,241.7,40.7,90.9,0.448,13.1,37.6,0.349,27.6,53.3,0.518,17.6,23.1,0.761,10.5,33.0,43.5,25.6,8.8,5.5,14.3,20.9,112.1,0.319,112.1,117.7,West,112.1,10.5,33.0,25.6,13.1,37.6,8.8,5.5,-5.6000000000000085,
18,,Toronto Raptors,,27.0,45.0,,,,,,,,,,,,,,,,,,,,,,,,,,,2021,72.0,240.3,39.7,88.7,0.448,14.5,39.3,0.368,25.3,49.3,0.512,17.4,21.3,0.815,9.4,32.1,41.6,24.1,8.6,5.4,13.2,21.2,111.3,0.375,111.3,111.7,East,111.3,9.4,32.1,24.1,14.5,39.3,8.6,5.4,-0.4000000000000057,
19,,San Antonio Spurs,,33.0,39.0,,,,,,,,,,,,,,,,,,,,,,,,,,,2021,72.0,242.8,41.9,90.5,0.462,9.9,28.4,0.35,31.9,62.1,0.514,17.4,22.0,0.792,9.3,34.6,43.9,24.4,7.0,5.1,11.4,18.0,111.1,0.458,111.1,112.8,West,111.1,9.3,34.6,24.4,9.9,28.4,7.0,5.1,-1.7000000000000028,
20,,Chicago Bulls,,31.0,41.0,,,,,,,,,,,,,,,,,,,,,,,,,,,2021,72.0,241.4,42.2,88.6,0.476,12.6,34.0,0.37,29.6,54.6,0.542,13.8,17.5,0.791,9.6,35.3,45.0,26.8,6.7,4.2,15.1,18.9,110.7,0.431,110.7,111.6,East,110.7,9.6,35.3,26.8,12.6,34.0,6.7,4.2,-0.8999999999999915,
21,,Los Angeles Lakers,,42.0,30.0,,,,,,,,,,,,,,,,,,,,,,,,,,,2021,72.0,242.4,40.6,86.1,0.472,11.1,31.2,0.354,29.6,54.8,0.539,17.2,23.3,0.739,9.7,34.6,44.2,24.7,7.8,5.4,15.2,19.1,109.5,0.583,109.5,106.8,West,109.5,9.7,34.6,24.7,11.1,31.2,7.8,5.4,2.700000000000003,
22,,Charlotte Hornets,,33.0,39.0,,,,,,,,,,,,,,,,,,,,,,,,,,,2021,72.0,241.0,39.9,87.8,0.455,13.7,37.0,0.369,26.3,50.8,0.517,15.9,20.9,0.761,10.6,33.2,43.8,26.8,7.8,4.8,14.8,18.0,109.5,0.458,109.5,111.4,East,109.5,10.6,33.2,26.8,13.7,37.0,7.8,4.8,-1.9000000000000057,
23,,Houston Rockets,,17.0,55.0,,,,,,,,,,,,,,,,,,,,,,,,,,,2021,72.0,240.3,39.3,88.5,0.444,13.8,40.6,0.339,25.5,47.9,0.532,16.5,22.3,0.74,9.3,33.3,42.6,23.6,7.6,5.0,14.7,19.5,108.8,0.236,108.8,116.7,West,108.8,9.3,33.3,23.6,13.8,40.6,7.6,5.0,-7.900000000000006,
24,,Miami Heat,,40.0,32.0,,,,,,,,,,,,,,,,,,,,,,,,,,,2021,72.0,241.4,39.2,83.7,0.468,12.9,36.2,0.358,26.3,47.5,0.553,16.7,21.1,0.79,8.0,33.5,41.5,26.3,7.9,4.0,14.1,18.9,108.1,0.556,108.1,108.0,East,108.1,8.0,33.5,26.3,12.9,36.2,7.9,4.0,0.0999999999999943,
25,,New York Knicks,,41.0,31.0,,,,,,,,,,,,,,,,,,,,,,,,,,,2021,72.0,242.1,39.4,86.5,0.456,11.8,30.0,0.392,27.7,56.4,0.49,16.4,20.9,0.784,9.7,35.5,45.1,21.4,7.0,5.1,12.9,20.5,107.0,0.569,107.0,104.7,East,107.0,9.7,35.5,21.4,11.8,30.0,7.0,5.1,2.299999999999997,
26,,Detroit Pistons,,20.0,52.0,,,,,,,,,,,,,,,,,,,,,,,,,,,2021,72.0,242.1,38.7,85.6,0.452,11.6,32.9,0.351,27.1,52.7,0.515,17.8,23.4,0.759,9.6,33.1,42.7,24.2,7.4,5.2,14.9,20.5,106.6,0.278,106.6,111.1,East,106.6,9.6,33.1,24.2,11.6,32.9,7.4,5.2,-4.5,
27,,Oklahoma City Thunder,,22.0,50.0,,,,,,,,,,,,,,,,,,,,,,,,,,,2021,72.0,241.0,38.8,88.0,0.441,11.9,35.1,0.339,26.9,52.9,0.509,15.5,21.3,0.725,9.9,35.7,45.6,22.1,7.0,4.4,16.1,18.1,105.0,0.306,105.0,115.6,West,105.0,9.9,35.7,22.1,11.9,35.1,7.0,4.4,-10.599999999999994,
28,,Orlando Magic,,21.0,51.0,,,,,,,,,,,,,,,,,,,,,,,,,,,2021,72.0,240.7,38.3,89.2,0.429,10.9,31.8,0.343,27.4,57.4,0.476,16.6,21.4,0.775,10.4,35.1,45.4,21.8,6.9,4.4,12.8,17.2,104.0,0.292,104.0,113.3,East,104.0,10.4,35.1,21.8,10.9,31.8,6.9,4.4,-9.299999999999995,
29,,Cleveland Cavaliers,,22.0,50.0,,,,,,,,,,,,,,,,,,,,,,,,,,,2021,72.0,242.1,38.6,85.8,0.45,10.0,29.7,0.336,28.6,56.0,0.51,16.7,22.4,0.743,10.4,32.3,42.8,23.8,7.8,4.5,15.5,18.2,103.8,0.306,103.8,112.3,East,103.8,10.4,32.3,23.8,10.0,29.7,7.8,4.5,-8.5,
30,,Minnesota Timberwolves,,46.0,36.0,,,,,,,,,,,,,,,,,,,,,,,,,,,2022,82.0,241.2,41.6,91.0,0.457,14.8,41.3,0.358,26.8,49.7,0.54,18.0,23.1,0.778,11.2,32.9,44.2,25.7,8.8,5.6,14.3,21.8,115.9,0.561,115.9,113.3,West,114.0,10.85,32.95,25.65,13.95,39.45,8.8,5.55,2.6000000000000085,0.242
31,,Memphis Grizzlies,,56.0,26.0,,,,,,,,,,,,,,,,,,,,,,,,,,,2022,82.0,241.2,43.5,94.4,0.461,11.5,32.7,0.353,32.0,61.7,0.519,17.0,23.1,0.734,14.1,35.0,49.2,26.0,9.8,6.5,13.2,19.8,115.6,0.683,115.6,109.9,West,114.45,12.65,35.15,26.45,11.35,32.05,9.45,5.8,5.699999999999989,0.155
32,,Milwaukee Bucks,,51.0,31.0,,,,,,,,,,,,,,,,,,,,,,,,,,,2022,82.0,240.9,41.8,89.4,0.468,14.1,38.4,0.366,27.8,51.0,0.544,17.8,22.9,0.776,10.2,36.5,46.7,23.9,7.6,4.0,13.4,18.2,115.5,0.622,115.5,112.1,East,117.8,10.25,37.15,24.7,14.25,37.75,7.85,4.3,3.4000000000000057,-0.017
33,,Charlotte Hornets,,43.0,39.0,,,,,,,,,,,,,,,,,,,,,,,,,,,2022,82.0,242.4,42.8,91.4,0.468,13.9,38.2,0.365,28.8,53.3,0.542,15.8,21.4,0.74,10.8,33.7,44.6,28.1,8.6,4.9,13.3,19.9,115.3,0.524,115.3,114.9,East,112.4,10.7,33.45,27.450000000000003,13.8,37.6,8.2,4.85,0.3999999999999915,0.066
34,,Phoenix Suns,,64.0,18.0,,,,,,,,,,,,,,,,,,,,,,,,,,,2022,82.0,240.6,43.7,90.1,0.485,11.6,31.9,0.364,32.1,58.2,0.551,15.9,19.9,0.797,9.8,35.5,45.3,27.4,8.6,4.4,12.9,19.9,114.8,0.78,114.8,107.3,West,115.05,9.3,34.85,27.15,12.35,33.25,7.9,4.35,7.5,0.072
35,,Atlanta Hawks,,43.0,39.0,,,,,,,,,,,,,,,,,,,,,,,,,,,2022,82.0,240.3,41.5,88.3,0.47,12.9,34.4,0.374,28.6,53.9,0.531,18.1,22.3,0.812,10.0,33.9,44.0,24.6,7.2,4.2,11.9,18.7,113.9,0.524,113.9,112.4,East,113.8,10.3,34.5,24.35,12.65,33.9,7.1,4.5,1.5,-0.0449999999999999
36,,Utah Jazz,,49.0,33.0,,,,,,,,,,,,,,,,,,,,,,,,,,,2022,82.0,240.6,40.6,86.2,0.471,14.5,40.3,0.36,26.0,45.8,0.568,17.9,23.4,0.767,10.8,35.6,46.3,22.4,7.2,4.9,14.0,18.9,113.6,0.598,113.6,107.6,West,115.0,10.7,36.6,23.05,15.6,41.65,6.9,5.050000000000001,6.0,-0.124
37,,San Antonio Spurs,,34.0,48.0,,,,,,,,,,,,,,,,,,,,,,,,,,,2022,82.0,241.5,43.2,92.7,0.467,11.3,32.0,0.352,32.0,60.7,0.527,15.4,20.4,0.754,11.0,34.3,45.3,27.9,7.6,4.9,12.7,18.1,113.2,0.415,113.2,113.0,West,112.15,10.15,34.45,26.15,10.6,30.2,7.3,5.0,0.2000000000000028,-0.043
38,,Brooklyn Nets,,44.0,38.0,,,,,,,,,,,,,,,,,,,,,,,,,,,2022,82.0,240.9,42.0,88.4,0.475,11.5,31.7,0.361,30.5,56.7,0.538,17.5,21.7,0.805,10.3,34.1,44.4,25.3,7.1,5.5,14.1,20.4,112.9,0.537,112.9,112.1,East,115.75,9.6,34.8,26.05,12.85,33.9,6.9,5.4,0.8000000000000114,-0.13
39,,Denver Nuggets,,48.0,34.0,,,,,,,,,,,,,,,,,,,,,,,,,,,2022,82.0,241.5,41.7,86.3,0.483,12.7,35.9,0.353,29.0,50.4,0.575,16.7,21.0,0.795,9.2,34.9,44.1,27.8,7.2,3.7,14.5,20.0,112.7,0.585,112.7,110.4,West,113.9,9.85,34.4,27.3,12.8,35.05,7.65,4.1,2.299999999999997,-0.068
40,,Los Angeles Lakers,,33.0,49.0,,,,,,,,,,,,,,,,,,,,,,,,,,,2022,82.0,243.7,41.6,88.8,0.469,12.0,34.5,0.347,29.7,54.3,0.546,16.8,23.0,0.732,9.5,34.5,44.0,24.0,7.6,5.2,14.5,20.2,112.1,0.402,112.1,115.1,West,110.8,9.6,34.55,24.35,11.55,32.85,7.699999999999999,5.300000000000001,-3.0,-0.1809999999999999
41,,Boston Celtics,,51.0,31.0,,,,,,,,,,,,,,,,,,,,,,,,,,,2022,82.0,242.7,40.7,87.4,0.466,13.2,37.1,0.356,27.5,50.3,0.547,17.0,20.9,0.816,10.5,35.5,46.1,24.8,7.2,5.8,13.6,18.5,111.8,0.622,111.8,104.5,East,112.2,10.55,34.55,24.15,13.4,36.75,7.45,5.55,7.299999999999997,0.122
42,,Chicago Bulls,,46.0,36.0,,,,,,,,,,,,,,,,,,,,,,,,,,,2022,82.0,240.6,41.7,86.9,0.48,10.6,28.8,0.369,31.1,58.1,0.535,17.5,21.5,0.813,8.7,33.7,42.3,23.9,7.1,4.1,12.8,18.8,111.6,0.561,111.6,112.0,East,111.15,9.15,34.5,25.35,11.6,31.4,6.9,4.15,-0.4000000000000057,0.13
43,,Indiana Pacers,,25.0,57.0,,,,,,,,,,,,,,,,,,,,,,,,,,,2022,82.0,242.4,41.4,89.5,0.463,12.2,35.4,0.344,29.3,54.1,0.541,16.4,21.4,0.768,11.3,32.6,43.9,25.4,7.1,5.6,14.4,20.4,111.5,0.305,111.5,114.9,East,113.4,10.15,33.150000000000006,26.4,12.25,34.7,7.8,6.0,-3.4000000000000057,-0.1669999999999999
44,,Golden State Warriors,,53.0,29.0,,,,,,,,,,,,,,,,,,,,,,,,,,,2022,82.0,240.6,40.5,86.4,0.469,14.3,39.4,0.364,26.2,47.0,0.557,15.6,20.3,0.769,9.8,35.7,45.5,27.1,8.8,4.5,14.9,21.0,111.0,0.646,111.0,105.5,West,112.35,8.9,35.400000000000006,27.4,14.45,39.05,8.5,4.65,5.5,0.1039999999999999
45,,Sacramento Kings,,30.0,52.0,,,,,,,,,,,,,,,,,,,,,,,,,,,2022,82.0,241.5,40.5,88.1,0.46,11.4,33.2,0.344,29.1,54.9,0.53,17.9,23.3,0.768,9.6,33.4,42.9,23.7,7.2,4.5,14.1,18.9,110.3,0.366,110.3,115.8,West,112.0,9.5,32.7,24.6,11.75,33.25,7.35,4.75,-5.5,-0.065
46,,Miami Heat,,53.0,29.0,,,,,,,,,,,,,,,,,,,,,,,,,,,2022,82.0,242.1,39.6,84.8,0.467,13.6,35.8,0.379,26.0,49.0,0.531,17.3,21.4,0.808,9.8,33.9,43.7,25.5,7.4,3.2,14.6,20.5,110.0,0.646,110.0,105.6,East,109.05,8.9,33.7,25.9,13.25,36.0,7.65,3.6,4.400000000000006,0.0899999999999999
47,,Philadelphia 76ers,,51.0,31.0,,,,,,,,,,,,,,,,,,,,,,,,,,,2022,82.0,241.5,39.4,84.5,0.466,11.6,31.8,0.364,27.8,52.7,0.527,19.6,23.8,0.821,8.5,33.8,42.3,23.7,7.7,5.3,12.5,19.4,109.9,0.622,109.9,107.3,East,111.75,9.25,34.4,23.7,11.45,30.950000000000003,8.4,5.75,2.6000000000000085,-0.059
48,,Houston Rockets,,20.0,62.0,,,,,,,,,,,,,,,,,,,,,,,,,,,2022,82.0,240.9,39.4,86.4,0.456,13.5,38.7,0.349,25.9,47.7,0.543,17.5,24.5,0.713,9.6,32.4,42.0,23.6,7.3,4.7,16.5,20.6,109.7,0.244,109.7,118.2,West,109.25,9.45,32.849999999999994,23.6,13.65,39.650000000000006,7.449999999999999,4.85,-8.5,0.008
49,,Toronto Raptors,,48.0,34.0,,,,,,,,,,,,,,,,,,,,,,,,,,,2022,82.0,242.1,40.6,91.3,0.445,11.9,34.2,0.349,28.7,57.1,0.503,16.2,21.3,0.759,13.4,32.0,45.3,22.1,9.0,4.6,12.5,19.6,109.4,0.585,109.4,107.1,East,110.35,11.4,32.05,23.1,13.2,36.75,8.8,5.0,2.300000000000012,0.2099999999999999
50,,New Orleans Pelicans,,36.0,46.0,,,,,,,,,,,,,,,,,,,,,,,,,,,2022,82.0,240.9,40.2,88.0,0.457,10.6,32.1,0.332,29.5,55.9,0.528,18.3,23.2,0.789,12.0,33.2,45.2,25.0,8.3,4.0,14.1,19.7,109.3,0.439,109.3,110.3,West,111.95,11.85,34.45,25.5,10.6,31.25,7.95,4.2,-1.0,0.008
51,,Washington Wizards,,35.0,47.0,,,,,,,,,,,,,,,,,,,,,,,,,,,2022,82.0,241.8,40.6,86.0,0.472,10.5,30.6,0.342,30.1,55.4,0.543,17.0,21.7,0.783,9.0,34.1,43.1,25.0,6.4,5.0,13.1,18.8,108.6,0.427,108.6,112.0,East,112.6,9.35,34.8,25.25,10.35,29.8,6.85,4.55,-3.4000000000000057,-0.0449999999999999
52,,Los Angeles Clippers,,42.0,40.0,,,,,,,,,,,,,,,,,,,,,,,,,,,2022,82.0,241.2,40.1,87.4,0.458,12.8,34.2,0.374,27.3,53.3,0.512,15.5,19.6,0.793,9.1,34.9,44.0,24.0,7.4,5.0,13.7,18.6,108.4,0.512,108.4,108.4,West,111.2,9.25,34.8,24.2,13.55,34.45,7.25,4.55,0.0,-0.141
53,,Dallas Mavericks,,52.0,30.0,,,,,,,,,,,,,,,,,,,,,,,,,,,2022,82.0,240.9,39.3,85.1,0.461,13.1,37.4,0.35,26.2,47.8,0.548,16.4,21.2,0.771,9.3,33.8,43.0,23.4,6.7,4.0,12.5,19.7,108.0,0.634,108.0,104.7,West,110.2,9.2,34.0,23.15,13.45,37.75,6.5,4.15,3.299999999999997,0.051
54,,Cleveland Cavaliers,,44.0,38.0,,,,,,,,,,,,,,,,,,,,,,,,,,,2022,82.0,240.6,39.7,84.6,0.469,11.6,32.8,0.355,28.1,51.9,0.541,16.8,22.1,0.76,10.2,34.0,44.2,25.2,7.1,4.2,14.4,17.5,107.8,0.537,107.8,105.7,East,105.8,10.3,33.15,24.5,10.8,31.25,7.449999999999999,4.35,2.0999999999999943,0.231
55,,New York Knicks,,37.0,45.0,,,,,,,,,,,,,,,,,,,,,,,,,,,2022,82.0,241.2,37.7,86.2,0.437,13.2,36.9,0.357,24.5,49.3,0.497,18.0,24.1,0.744,11.5,34.6,46.1,21.9,7.0,4.9,13.3,20.4,106.5,0.451,106.5,106.6,East,106.75,10.6,35.05,21.65,12.5,33.45,7.0,5.0,-0.0999999999999943,-0.1179999999999999
56,,Portland Trail Blazers,,27.0,55.0,,,,,,,,,,,,,,,,,,,,,,,,,,,2022,82.0,240.6,38.5,87.1,0.442,12.7,36.8,0.346,25.8,50.3,0.513,16.4,21.6,0.76,10.4,32.5,42.9,22.9,8.0,4.5,14.5,21.1,106.2,0.329,106.2,115.1,West,111.15,10.5,33.2,22.1,14.2,38.8,7.45,4.75,-8.899999999999991,-0.2539999999999999
57,,Detroit Pistons,,23.0,59.0,,,,,,,,,,,,,,,,,,,,,,,,,,,2022,82.0,241.2,38.2,88.6,0.431,11.3,34.6,0.326,26.9,54.0,0.498,17.2,22.0,0.782,11.0,32.0,43.0,23.5,7.7,4.8,14.2,21.9,104.8,0.28,104.8,112.5,East,105.7,10.3,32.55,23.85,11.45,33.75,7.550000000000001,5.0,-7.700000000000003,0.002
58,,Orlando Magic,,22.0,60.0,,,,,,,,,,,,,,,,,,,,,,,,,,,2022,82.0,241.2,38.3,88.3,0.434,12.2,36.9,0.331,26.1,51.4,0.507,15.5,19.7,0.787,9.1,35.2,44.3,23.7,6.8,4.5,14.5,19.7,104.2,0.268,104.2,112.2,East,104.1,9.75,35.150000000000006,22.75,11.55,34.35,6.85,4.45,-8.0,-0.0239999999999999
59,,Oklahoma City Thunder,,24.0,58.0,,,,,,,,,,,,,,,,,,,,,,,,,,,2022,82.0,241.5,38.3,89.1,0.43,12.1,37.4,0.323,26.2,51.8,0.507,15.0,19.9,0.756,10.4,35.2,45.6,22.2,7.6,4.6,14.0,18.3,103.7,0.293,103.7,111.8,West,104.35,10.15,35.45,22.15,12.0,36.25,7.3,4.5,-8.099999999999994,-0.013
60,,Sacramento Kings,,48.0,34.0,,,,,,,,,,,,,,,,,,,,,,,,,,,2023,82.0,241.8,43.6,88.2,0.494,13.8,37.3,0.369,29.8,50.9,0.586,19.8,25.1,0.79,9.5,32.9,42.5,27.3,7.0,3.4,13.5,19.7,120.7,0.585,120.7,118.1,West,114.9,9.5,32.766666666666666,25.5,12.433333333333332,34.6,7.233333333333333,4.3,2.6000000000000085,0.2189999999999999
61,,Golden State Warriors,,44.0,38.0,,,,,,,,,,,,,,,,,,,,,,,,,,,2023,82.0,241.8,43.1,90.2,0.479,16.6,43.2,0.385,26.5,47.0,0.564,16.0,20.2,0.794,10.5,34.1,44.6,29.8,7.2,3.9,16.3,21.4,118.9,0.537,118.9,117.1,West,114.53333333333336,9.433333333333334,34.96666666666667,28.2,15.166666666666666,40.43333333333334,8.066666666666666,4.4,1.8000000000000114,-0.1089999999999999
62,,Atlanta Hawks,,41.0,41.0,,,,,,,,,,,,,,,,,,,,,,,,,,,2023,82.0,242.1,44.6,92.4,0.483,10.8,30.5,0.352,33.9,61.8,0.548,18.5,22.6,0.818,11.2,33.2,44.4,25.0,7.1,4.9,12.9,18.8,118.4,0.5,118.4,118.1,East,115.33333333333331,10.6,34.06666666666667,24.566666666666663,12.033333333333331,32.766666666666666,7.1000000000000005,4.633333333333334,0.3000000000000113,-0.024
63,,Boston Celtics,,57.0,25.0,,,,,,,,,,,,,,,,,,,,,,,,,,,2023,82.0,243.7,42.2,88.8,0.475,16.0,42.6,0.377,26.2,46.2,0.567,17.5,21.6,0.812,9.7,35.6,45.3,26.7,6.4,5.2,13.4,18.8,117.9,0.695,117.9,111.4,East,114.1,10.266666666666666,34.9,25.0,14.266666666666666,38.7,7.1000000000000005,5.433333333333334,6.5,0.0729999999999999
64,,Oklahoma City Thunder,,40.0,42.0,,,,,,,,,,,,,,,,,,,,,,,,,,,2023,82.0,242.1,43.1,92.6,0.465,12.1,34.1,0.356,31.0,58.5,0.53,19.2,23.7,0.809,11.4,32.3,43.6,24.4,8.2,4.2,13.0,21.0,117.5,0.488,117.5,116.4,West,108.73333333333332,10.566666666666668,34.4,22.9,12.033333333333331,35.53333333333333,7.599999999999999,4.4,1.0999999999999943,0.195
65,,Los Angeles Lakers,,43.0,39.0,,,,,,,,,,,,,,,,,,,,,,,,,,,2023,82.0,242.4,42.9,89.0,0.482,10.8,31.2,0.346,32.1,57.8,0.555,20.6,26.6,0.775,10.0,35.7,45.7,25.3,6.4,4.6,14.1,17.9,117.2,0.524,117.2,116.6,West,112.93333333333334,9.733333333333333,34.93333333333334,24.666666666666668,11.3,32.300000000000004,7.266666666666667,5.066666666666666,0.6000000000000085,0.122
66,,Utah Jazz,,37.0,45.0,,,,,,,,,,,,,,,,,,,,,,,,,,,2023,82.0,241.5,42.5,89.8,0.473,13.3,37.8,0.353,29.2,52.0,0.56,18.7,23.8,0.786,11.8,34.1,45.9,26.0,6.1,5.2,15.4,20.5,117.1,0.451,117.1,118.0,West,115.7,11.066666666666668,35.76666666666667,24.03333333333333,14.833333333333334,40.36666666666667,6.633333333333333,5.1000000000000005,-0.9000000000000057,-0.1469999999999999
67,,Memphis Grizzlies,,51.0,31.0,,,,,,,,,,,,,,,,,,,,,,,,,,,2023,82.0,241.2,43.7,92.1,0.475,12.0,34.2,0.351,31.7,57.9,0.548,17.5,23.8,0.733,12.0,34.6,46.6,26.0,8.3,5.8,13.6,20.0,116.9,0.622,116.9,113.0,West,115.26666666666668,12.433333333333332,34.96666666666667,26.3,11.566666666666668,32.76666666666667,9.066666666666668,5.8,3.9000000000000057,-0.061
68,,Milwaukee Bucks,,58.0,24.0,,,,,,,,,,,,,,,,,,,,,,,,,,,2023,82.0,241.8,42.7,90.4,0.473,14.8,40.3,0.368,27.9,50.1,0.557,16.6,22.4,0.743,11.1,37.5,48.6,25.8,6.4,4.9,14.6,18.1,116.9,0.707,116.9,113.3,East,117.5,10.533333333333331,37.266666666666666,25.066666666666663,14.433333333333332,38.6,7.366666666666667,4.5,3.6000000000000085,0.0849999999999999
69,,Indiana Pacers,,35.0,47.0,,,,,,,,,,,,,,,,,,,,,,,,,,,2023,82.0,240.9,42.0,89.6,0.469,13.6,37.0,0.367,28.4,52.6,0.54,18.7,23.7,0.79,10.1,31.4,41.5,27.0,7.7,5.8,14.9,21.2,116.3,0.427,116.3,119.5,East,114.36666666666667,10.133333333333333,32.56666666666667,26.6,12.7,35.46666666666667,7.766666666666667,5.933333333333334,-3.200000000000003,0.122
70,,New York Knicks,,47.0,35.0,,,,,,,,,,,,,,,,,,,,,,,,,,,2023,82.0,243.4,42.0,89.4,0.47,12.6,35.7,0.354,29.4,53.6,0.547,19.4,25.5,0.761,12.6,34.0,46.6,22.9,6.4,4.1,13.0,20.3,116.0,0.573,116.0,113.1,East,109.83333333333331,11.266666666666666,34.7,22.066666666666663,12.533333333333331,34.2,6.8,4.7,2.9000000000000057,0.1219999999999999
71,,Denver Nuggets,,53.0,29.0,,,,,,,,,,,,,,,,,,,,,,,,,,,2023,82.0,240.9,43.6,86.4,0.504,11.8,31.2,0.379,31.8,55.2,0.575,16.8,22.4,0.751,10.1,32.9,43.0,28.9,7.5,4.5,14.5,18.6,115.8,0.646,115.8,112.5,West,114.53333333333336,9.933333333333332,33.9,27.83333333333333,12.466666666666669,33.766666666666666,7.6,4.233333333333333,3.299999999999997,0.061
72,,Minnesota Timberwolves,,42.0,40.0,,,,,,,,,,,,,,,,,,,,,,,,,,,2023,82.0,241.8,42.9,87.4,0.49,12.2,33.3,0.365,30.7,54.1,0.568,17.9,23.7,0.755,9.1,32.8,41.9,26.2,8.0,5.4,15.3,21.6,115.8,0.512,115.8,115.8,West,114.6,10.266666666666666,32.9,25.83333333333333,13.366666666666667,37.4,8.533333333333333,5.5,0.0,-0.049
73,,Philadelphia 76ers,,54.0,28.0,,,,,,,,,,,,,,,,,,,,,,,,,,,2023,82.0,242.4,40.8,83.8,0.487,12.6,32.6,0.387,28.2,51.2,0.551,21.0,25.1,0.835,8.7,32.2,40.9,25.2,7.7,4.7,13.7,20.4,115.2,0.659,115.2,110.9,East,112.9,9.066666666666666,33.666666666666664,24.2,11.833333333333334,31.5,8.166666666666666,5.4,4.299999999999997,0.037
74,,New Orleans Pelicans,,42.0,40.0,,,,,,,,,,,,,,,,,,,,,,,,,,,2023,82.0,242.1,42.0,87.6,0.48,11.0,30.1,0.364,31.1,57.5,0.541,19.3,24.4,0.793,10.6,33.1,43.7,25.9,8.3,4.1,14.6,20.5,114.4,0.512,114.4,112.5,West,112.76666666666668,11.433333333333332,34.0,25.633333333333336,10.733333333333334,30.866666666666664,8.066666666666668,4.166666666666667,1.9000000000000057,0.073
75,,Dallas Mavericks,,38.0,44.0,,,,,,,,,,,,,,,,,,,,,,,,,,,2023,82.0,243.0,40.0,84.3,0.475,15.2,41.0,0.371,24.8,43.3,0.574,19.0,25.1,0.755,7.6,31.2,38.8,22.9,6.3,3.7,12.2,20.7,114.2,0.463,114.2,114.1,West,111.53333333333336,8.666666666666666,33.06666666666667,23.066666666666663,14.033333333333331,38.833333333333336,6.433333333333334,4.0,0.1000000000000085,-0.1709999999999999
76,,Phoenix Suns,,45.0,37.0,,,,,,,,,,,,,,,,,,,,,,,,,,,2023,82.0,241.2,42.1,90.1,0.467,12.2,32.6,0.374,29.9,57.5,0.52,17.2,21.7,0.793,11.8,32.4,44.2,27.3,7.1,5.3,13.5,21.2,113.6,0.549,113.6,111.6,West,114.56666666666666,10.133333333333336,34.03333333333333,27.2,12.3,33.03333333333333,7.633333333333333,4.666666666666667,2.0,-0.2309999999999999
77,,Los Angeles Clippers,,44.0,38.0,,,,,,,,,,,,,,,,,,,,,,,,,,,2023,82.0,241.8,41.1,86.1,0.477,12.7,33.4,0.381,28.4,52.7,0.539,18.7,23.9,0.781,9.8,33.4,43.2,23.9,7.1,4.4,14.2,19.5,113.6,0.537,113.6,113.1,West,112.0,9.433333333333334,34.333333333333336,24.1,13.266666666666666,34.1,7.2,4.5,0.5,0.025
78,,Portland Trail Blazers,,33.0,49.0,,,,,,,,,,,,,,,,,,,,,,,,,,,2023,82.0,240.6,40.5,85.4,0.474,12.9,35.3,0.365,27.6,50.1,0.55,19.6,24.6,0.796,9.4,31.1,40.5,24.2,6.7,4.6,14.5,20.0,113.4,0.402,113.4,117.4,West,111.9,10.133333333333333,32.5,22.8,13.766666666666666,37.63333333333333,7.2,4.7,-4.0,0.073
79,,Brooklyn Nets,,45.0,37.0,,,,,,,,,,,,,,,,,,,,,,,,,,,2023,82.0,240.6,41.5,85.1,0.487,12.8,33.8,0.378,28.7,51.3,0.559,17.7,22.1,0.8,8.2,32.3,40.5,25.5,7.1,6.2,13.7,21.1,113.4,0.549,113.4,112.5,East,114.96666666666664,9.133333333333333,33.96666666666667,25.866666666666664,12.833333333333334,33.86666666666667,6.966666666666666,5.666666666666667,0.9000000000000057,0.012
80,,Washington Wizards,,35.0,47.0,,,,,,,,,,,,,,,,,,,,,,,,,,,2023,82.0,240.9,42.1,86.9,0.485,11.3,31.7,0.356,30.9,55.2,0.559,17.6,22.4,0.785,9.4,34.2,43.6,25.4,6.8,5.2,14.1,18.8,113.2,0.427,113.2,114.4,East,112.8,9.366666666666667,34.6,25.3,10.666666666666666,30.433333333333334,6.833333333333333,4.766666666666667,-1.2000000000000028,0.0
81,,Chicago Bulls,,40.0,42.0,,,,,,,,,,,,,,,,,,,,,,,,,,,2023,82.0,242.7,42.5,86.8,0.49,10.4,28.9,0.361,32.1,57.9,0.555,17.6,21.8,0.809,8.5,33.9,42.4,24.5,7.9,4.5,13.4,18.9,113.1,0.488,113.1,111.8,East,111.8,8.933333333333332,34.300000000000004,25.066666666666663,11.2,30.566666666666663,7.233333333333333,4.266666666666667,1.2999999999999972,-0.073
82,,San Antonio Spurs,,22.0,60.0,,,,,,,,,,,,,,,,,,,,,,,,,,,2023,82.0,242.1,43.1,92.6,0.465,11.1,32.2,0.345,32.0,60.4,0.529,15.8,21.2,0.743,11.8,31.9,43.7,27.2,7.0,3.9,15.3,19.9,113.0,0.268,113.0,123.1,West,112.43333333333334,10.7,33.6,26.5,10.766666666666666,30.866666666666664,7.2,4.633333333333334,-10.099999999999994,-0.1469999999999999
83,,Toronto Raptors,,41.0,41.0,,,,,,,,,,,,,,,,,,,,,,,,,,,2023,82.0,241.5,41.9,91.3,0.459,10.7,32.0,0.335,31.1,59.3,0.525,18.4,23.4,0.784,12.7,30.3,43.0,23.9,9.4,5.2,11.7,20.0,112.9,0.5,112.9,111.4,East,111.2,11.833333333333334,31.46666666666667,23.366666666666664,12.366666666666667,35.166666666666664,9.0,5.066666666666666,1.5,-0.0849999999999999
84,,Cleveland Cavaliers,,51.0,31.0,,,,,,,,,,,,,,,,,,,,,,,,,,,2023,82.0,242.4,41.6,85.2,0.488,11.6,31.6,0.367,30.0,53.6,0.559,17.5,22.5,0.78,9.7,31.4,41.1,24.9,7.1,4.7,13.3,19.0,112.3,0.622,112.3,106.9,East,107.96666666666664,10.1,32.56666666666666,24.633333333333336,11.066666666666668,31.366666666666664,7.333333333333333,4.466666666666667,5.399999999999992,0.0849999999999999
85,,Orlando Magic,,34.0,48.0,,,,,,,,,,,,,,,,,,,,,,,,,,,2023,82.0,241.2,40.5,86.3,0.47,10.8,31.1,0.346,29.8,55.2,0.539,19.6,25.0,0.784,10.2,33.1,43.2,23.2,7.4,4.7,15.1,20.1,111.4,0.415,111.4,114.0,East,106.53333333333336,9.9,34.46666666666667,22.9,11.3,33.266666666666666,7.033333333333334,4.533333333333334,-2.5999999999999943,0.1469999999999999
86,,Charlotte Hornets,,27.0,55.0,,,,,,,,,,,,,,,,,,,,,,,,,,,2023,82.0,241.8,41.3,90.4,0.457,10.7,32.5,0.33,30.5,57.9,0.528,17.6,23.6,0.749,11.0,33.5,44.5,25.1,7.7,5.2,14.2,20.3,111.0,0.329,111.0,117.2,East,111.93333333333334,10.8,33.46666666666667,26.666666666666668,12.766666666666666,35.9,8.033333333333333,4.966666666666667,-6.200000000000003,-0.195
87,,Houston Rockets,,22.0,60.0,,,,,,,,,,,,,,,,,,,,,,,,,,,2023,82.0,240.9,40.6,88.9,0.457,10.4,31.9,0.327,30.2,56.9,0.53,19.1,25.3,0.754,13.4,32.9,46.3,22.4,7.3,4.6,16.2,20.5,110.7,0.268,110.7,118.6,West,109.73333333333332,10.766666666666666,32.86666666666667,23.2,12.566666666666668,37.06666666666667,7.399999999999999,4.766666666666667,-7.899999999999991,0.024
88,,Detroit Pistons,,17.0,65.0,,,,,,,,,,,,,,,,,,,,,,,,,,,2023,82.0,241.5,39.6,87.1,0.454,11.4,32.4,0.351,28.2,54.6,0.516,19.8,25.7,0.771,11.2,31.3,42.4,23.0,7.0,3.8,15.1,22.1,110.3,0.207,110.3,118.5,East,107.23333333333332,10.6,32.13333333333333,23.566666666666663,11.433333333333332,33.300000000000004,7.366666666666667,4.6000000000000005,-8.200000000000003,-0.073
89,,Miami Heat,,44.0,38.0,,,,,,,,,,,,,,,,,,,,,,,,,,,2023,82.0,241.5,39.2,85.3,0.46,12.0,34.8,0.344,27.3,50.5,0.54,19.1,23.0,0.831,9.7,30.9,40.6,23.8,8.0,3.0,13.5,18.5,109.5,0.537,109.5,109.8,East,109.2,9.166666666666666,32.766666666666666,25.2,12.833333333333334,35.6,7.766666666666667,3.4,-0.2999999999999971,-0.1089999999999999
90,,Indiana Pacers,,47.0,35.0,,,,,,,,,,,,,,,,,,,,,,,,,,,2024,82.0,240.3,47.0,92.7,0.507,13.2,35.3,0.374,33.8,57.4,0.589,16.1,20.5,0.782,10.1,31.4,41.5,30.8,7.7,5.9,12.9,21.4,123.3,0.573,123.3,120.2,East,116.6,10.125,32.275,27.65,12.825,35.425,7.75,5.925,3.0999999999999943,0.1459999999999999
91,,Boston Celtics,,64.0,18.0,,,,,,,,,,,,,,,,,,,,,,,,,,,2024,82.0,241.8,43.9,90.2,0.487,16.5,42.5,0.388,27.4,47.7,0.575,16.3,20.2,0.807,10.7,35.6,46.3,26.9,6.8,6.6,11.9,16.2,120.6,0.78,120.6,109.2,East,115.725,10.375,35.075,25.475,14.825,39.65,7.025,5.725,11.399999999999991,0.085
92,,Oklahoma City Thunder,,57.0,25.0,,,,,,,,,,,,,,,,,,,,,,,,,,,2024,82.0,241.5,44.5,89.3,0.499,13.3,34.2,0.389,31.3,55.1,0.567,17.7,21.5,0.825,8.8,33.2,42.0,27.1,8.5,6.6,12.7,18.8,120.1,0.695,120.1,112.7,West,111.575,10.125,34.1,23.95,12.35,35.2,7.824999999999999,4.95,7.399999999999991,0.2069999999999999
93,,Milwaukee Bucks,,49.0,33.0,,,,,,,,,,,,,,,,,,,,,,,,,,,2024,82.0,241.5,43.1,88.5,0.487,14.2,38.1,0.373,29.0,50.4,0.574,18.5,23.9,0.774,9.4,34.8,44.2,26.5,6.8,5.0,12.9,19.2,119.0,0.598,119.0,116.4,East,117.875,10.25,36.65,25.425,14.375,38.475,7.225,4.625,2.5999999999999943,-0.1089999999999999
94,,Atlanta Hawks,,36.0,46.0,,,,,,,,,,,,,,,,,,,,,,,,,,,2024,82.0,242.1,43.0,92.5,0.465,13.7,37.7,0.364,29.3,54.8,0.535,18.5,23.2,0.797,12.5,32.2,44.7,26.6,7.5,4.5,13.5,18.6,118.3,0.439,118.3,120.5,East,116.075,11.075,33.6,25.075000000000003,12.45,34.0,7.2,4.6,-2.200000000000003,-0.061
95,,Los Angeles Lakers,,47.0,35.0,,,,,,,,,,,,,,,,,,,,,,,,,,,2024,82.0,242.1,43.7,87.5,0.499,11.8,31.4,0.377,31.8,56.2,0.567,18.9,24.2,0.782,8.2,34.9,43.1,28.5,7.4,5.5,14.0,15.6,118.0,0.573,118.0,117.4,West,114.2,9.35,34.925,25.625,11.425,32.075,7.3,5.175,0.5999999999999943,0.0489999999999999
96,,Dallas Mavericks,,50.0,32.0,,,,,,,,,,,,,,,,,,,,,,,,,,,2024,82.0,240.3,43.1,89.7,0.481,14.6,39.5,0.369,28.5,50.1,0.569,17.0,22.5,0.758,9.7,33.2,42.9,25.7,6.9,5.0,12.5,18.3,117.9,0.61,117.9,115.6,West,113.125,8.925,33.1,23.725,14.175,39.0,6.55,4.25,2.300000000000012,0.1469999999999999
97,,Golden State Warriors,,46.0,36.0,,,,,,,,,,,,,,,,,,,,,,,,,,,2024,82.0,241.8,43.7,91.6,0.477,14.8,38.9,0.38,28.9,52.7,0.548,15.6,20.0,0.78,12.1,34.6,46.7,29.3,7.0,4.6,14.3,19.5,117.8,0.561,117.8,115.2,West,115.35,10.1,34.875,28.475,15.075,40.05,7.8,4.449999999999999,2.5999999999999943,0.024
98,,Sacramento Kings,,46.0,36.0,,,,,,,,,,,,,,,,,,,,,,,,,,,2024,82.0,242.1,43.3,90.9,0.477,14.4,39.3,0.366,29.0,51.7,0.561,15.5,20.9,0.745,10.8,33.2,44.0,28.3,7.6,4.2,13.1,19.9,116.6,0.561,116.6,114.8,West,115.325,9.825,32.875,26.2,12.925,35.775,7.325,4.275,1.7999999999999972,-0.0239999999999999
99,,Phoenix Suns,,49.0,33.0,,,,,,,,,,,,,,,,,,,,,,,,,,,2024,82.0,241.2,42.5,86.1,0.493,12.4,32.6,0.382,30.0,53.6,0.561,18.9,23.4,0.808,10.1,33.9,44.1,27.0,7.4,6.0,14.9,18.0,116.2,0.598,116.2,113.2,West,114.975,10.125,34.0,27.15,12.325,32.925,7.574999999999999,5.0,3.0,0.0489999999999999
100,,Utah Jazz,,31.0,51.0,,,,,,,,,,,,,,,,,,,,,,,,,,,2024,82.0,241.5,42.0,89.9,0.467,12.9,36.5,0.354,29.1,53.4,0.544,18.8,22.6,0.83,12.2,33.2,45.5,27.2,6.5,5.6,15.7,18.6,115.7,0.378,115.7,120.5,West,115.7,11.35,35.125,24.825,14.35,39.4,6.6,5.225,-4.799999999999997,-0.073
101,,Los Angeles Clippers,,51.0,31.0,,,,,,,,,,,,,,,,,,,,,,,,,,,2024,82.0,240.3,42.4,86.7,0.489,12.6,33.2,0.381,29.7,53.5,0.555,18.3,22.2,0.825,10.0,32.9,43.0,25.6,7.8,5.0,13.1,18.5,115.6,0.622,115.6,112.3,West,112.9,9.575,33.975,24.475,13.1,33.875,7.35,4.625,3.299999999999997,0.0849999999999999
102,,New Orleans Pelicans,,49.0,33.0,,,,,,,,,,,,,,,,,,,,,,,,,,,2024,82.0,240.3,42.5,87.4,0.486,12.5,32.6,0.383,30.0,54.8,0.548,17.6,22.8,0.771,10.4,33.6,44.0,27.0,8.3,4.6,13.0,18.4,115.1,0.598,115.1,110.7,West,113.35,11.175,33.900000000000006,25.975,11.175,31.3,8.125,4.275,4.399999999999992,0.0859999999999999
103,,Denver Nuggets,,57.0,25.0,,,,,,,,,,,,,,,,,,,,,,,,,,,2024,82.0,240.3,44.0,88.8,0.496,11.7,31.2,0.374,32.3,57.5,0.562,15.1,19.9,0.762,10.7,33.7,44.4,29.5,7.1,5.6,12.6,18.2,114.9,0.695,114.9,109.6,West,114.625,10.125,33.85,28.25,12.275,33.125,7.475,4.575,5.300000000000011,0.0489999999999999
104,,Philadelphia 76ers,,47.0,35.0,,,,,,,,,,,,,,,,,,,,,,,,,,,2024,82.0,241.2,41.5,89.4,0.464,12.1,33.3,0.363,29.4,56.1,0.525,19.5,23.6,0.826,11.0,31.9,43.0,24.9,8.5,6.0,12.0,20.3,114.6,0.573,114.6,111.5,East,113.325,9.55,33.225,24.375,11.9,31.95,8.25,5.55,3.0999999999999943,-0.086
105,,Houston Rockets,,41.0,41.0,,,,,,,,,,,,,,,,,,,,,,,,,,,2024,82.0,242.1,41.8,91.0,0.459,12.7,36.1,0.352,29.0,54.8,0.53,18.1,23.4,0.773,11.5,34.0,45.5,24.8,7.8,4.6,12.7,20.8,114.3,0.5,114.3,113.2,West,110.875,10.95,33.15,23.6,12.6,36.825,7.5,4.725,1.0999999999999943,0.2319999999999999
106,,Washington Wizards,,15.0,67.0,,,,,,,,,,,,,,,,,,,,,,,,,,,2024,82.0,240.6,43.0,91.4,0.47,12.4,35.5,0.348,30.6,55.8,0.548,15.4,20.2,0.764,9.2,31.9,41.1,27.9,7.6,5.1,14.0,20.0,113.7,0.183,113.7,123.0,East,113.025,9.325,33.925,25.95,11.1,31.7,7.025,4.85,-9.299999999999995,-0.244
107,,Minnesota Timberwolves,,56.0,26.0,,,,,,,,,,,,,,,,,,,,,,,,,,,2024,82.0,241.5,41.3,85.0,0.485,12.6,32.7,0.387,28.6,52.4,0.546,17.8,22.9,0.777,9.4,34.2,43.6,26.6,7.9,6.1,14.2,18.8,113.0,0.683,113.0,106.5,West,114.2,10.05,33.225,26.025,13.175,36.225,8.375,5.65,6.5,0.171
108,,New York Knicks,,50.0,32.0,,,,,,,,,,,,,,,,,,,,,,,,,,,2024,82.0,240.6,41.3,88.7,0.465,13.2,35.8,0.369,28.1,52.9,0.531,17.0,21.8,0.78,12.7,32.5,45.2,24.4,7.5,4.1,13.2,17.6,112.8,0.61,112.8,108.2,East,110.575,11.625,34.15,22.65,12.7,34.6,6.975,4.55,4.599999999999994,0.037
109,,Cleveland Cavaliers,,48.0,34.0,,,,,,,,,,,,,,,,,,,,,,,,,,,2024,82.0,241.5,41.8,87.2,0.479,13.5,36.8,0.367,28.3,50.4,0.561,15.6,20.4,0.765,9.8,33.4,43.3,28.0,7.4,4.6,13.6,17.5,112.6,0.585,112.6,110.2,East,109.125,10.025,32.775,25.475,11.675,32.725,7.35,4.5,2.3999999999999915,-0.037
110,,Toronto Raptors,,25.0,57.0,,,,,,,,,,,,,,,,,,,,,,,,,,,2024,82.0,241.5,42.3,89.7,0.471,11.5,33.1,0.347,30.8,56.6,0.543,16.3,21.6,0.756,10.9,31.8,42.7,28.5,7.7,4.7,14.0,18.4,112.4,0.305,112.4,118.8,East,111.5,11.6,31.55,24.65,12.15,34.65,8.675,4.975,-6.399999999999992,-0.195
111,,Chicago Bulls,,39.0,43.0,,,,,,,,,,,,,,,,,,,,,,,,,,,2024,82.0,243.7,42.0,89.5,0.47,11.5,32.1,0.358,30.6,57.4,0.532,16.7,21.1,0.791,11.2,32.6,43.8,25.0,7.8,4.8,12.2,18.8,112.3,0.476,112.3,113.7,East,111.925,9.5,33.875,25.05,11.275,30.95,7.375,4.4,-1.4000000000000057,-0.012
112,,San Antonio Spurs,,22.0,60.0,,,,,,,,,,,,,,,,,,,,,,,,,,,2024,82.0,241.8,41.9,90.7,0.462,12.6,36.4,0.347,29.3,54.3,0.539,15.6,20.0,0.782,10.4,33.9,44.2,29.9,7.1,6.3,15.1,17.2,112.1,0.268,112.1,118.6,West,112.35,10.625,33.675,27.35,11.225,32.25,7.175,5.05,-6.5,0.0
113,,Orlando Magic,,47.0,35.0,,,,,,,,,,,,,,,,,,,,,,,,,,,2024,82.0,241.2,40.5,84.9,0.476,11.0,31.3,0.352,29.5,53.6,0.549,18.5,24.4,0.759,10.5,31.8,42.3,24.7,8.2,5.2,14.7,19.7,110.5,0.573,110.5,108.4,East,107.525,10.05,33.800000000000004,23.35,11.225,32.775,7.325,4.7,2.0999999999999943,0.1579999999999999
114,,Brooklyn Nets,,32.0,50.0,,,,,,,,,,,,,,,,,,,,,,,,,,,2024,82.0,241.5,40.7,89.1,0.456,13.3,36.7,0.362,27.4,52.4,0.522,15.8,20.9,0.756,11.4,32.6,44.1,25.6,6.8,5.2,13.1,18.5,110.4,0.39,110.4,113.3,East,113.825,9.7,33.625,25.8,12.95,34.575,6.925,5.55,-2.8999999999999915,-0.159
115,,Miami Heat,,46.0,36.0,,,,,,,,,,,,,,,,,,,,,,,,,,,2024,82.0,240.9,39.8,85.6,0.465,12.5,33.7,0.37,27.4,51.9,0.527,18.0,22.0,0.818,9.3,33.0,42.3,25.8,7.5,3.4,12.7,17.3,110.1,0.561,110.1,108.4,East,109.425,9.2,32.825,25.35,12.75,35.125,7.7,3.4,1.6999999999999886,0.024
116,,Detroit Pistons,,14.0,68.0,,,,,,,,,,,,,,,,,,,,,,,,,,,2024,82.0,240.9,40.9,88.2,0.463,11.0,31.7,0.348,29.8,56.5,0.528,17.0,21.7,0.785,10.5,32.8,43.3,25.5,6.5,4.7,15.2,20.6,109.9,0.171,109.9,119.0,East,107.9,10.575,32.3,24.05,11.325,32.9,7.15,4.625,-9.099999999999994,-0.0359999999999999
117,,Charlotte Hornets,,21.0,61.0,,,,,,,,,,,,,,,,,,,,,,,,,,,2024,82.0,240.6,40.0,87.0,0.46,12.1,34.0,0.355,28.0,53.0,0.528,14.5,18.4,0.786,9.3,31.0,40.3,24.8,6.9,4.5,13.8,18.0,106.6,0.256,106.6,116.8,East,110.6,10.425,32.85,26.200000000000003,12.6,35.425,7.75,4.85,-10.200000000000005,-0.073
118,,Portland Trail Blazers,,21.0,61.0,,,,,,,,,,,,,,,,,,,,,,,,,,,2024,82.0,242.4,39.4,89.7,0.439,11.5,33.2,0.345,27.9,56.5,0.494,16.2,20.5,0.791,12.6,30.1,42.7,23.1,7.6,4.3,15.2,20.2,106.4,0.256,106.4,115.4,West,110.525,10.75,31.9,22.875,13.2,36.525,7.3,4.6,-9.0,-0.146
119,,Memphis Grizzlies,,27.0,55.0,,,,,,,,,,,,,,,,,,,,,,,,,,,2024,82.0,241.2,38.4,88.2,0.435,13.1,37.8,0.346,25.3,50.4,0.502,16.0,21.0,0.764,10.9,31.7,42.6,24.7,8.2,6.1,15.1,19.1,105.8,0.329,105.8,112.8,West,112.9,12.05,34.15,25.9,11.95,34.025,8.85,5.875,-7.0,-0.293
120,,Memphis Grizzlies,,17.0,8.0,,,,,,,,,,,,,,,,,,,,,,,,,,,2025,25.0,240.0,44.9,91.9,0.489,13.2,37.4,0.354,31.7,54.6,0.581,19.0,24.5,0.778,12.1,35.5,47.6,30.3,9.0,7.0,16.9,21.5,122.1,0.68,122.1,113.4,West,114.74,12.06,34.42,26.78,12.2,34.7,8.879999999999999,6.1,8.699999999999989,0.351
121,,Cleveland Cavaliers,,21.0,4.0,,,,,,,,,,,,,,,,,,,,,,,,,,,2025,25.0,240.0,45.0,88.6,0.507,15.4,38.2,0.404,29.5,50.4,0.585,16.0,20.6,0.78,9.0,34.0,43.1,28.1,8.8,4.7,13.2,18.6,121.4,0.84,121.4,111.5,East,111.58,9.82,33.02,26.0,12.42,33.82,7.640000000000001,4.54,9.900000000000006,0.255
122,,Boston Celtics,,19.0,5.0,,,,,,,,,,,,,,,,,,,,,,,,,,,2025,24.0,243.1,41.6,91.0,0.457,19.0,51.4,0.37,22.6,39.6,0.571,17.9,22.2,0.805,10.5,33.6,44.0,25.7,7.4,5.6,11.8,16.8,120.1,0.792,120.1,110.7,East,116.6,10.4,34.78,25.52,15.66,42.0,7.1,5.7,9.399999999999991,0.012
123,,Chicago Bulls,,10.0,15.0,,,,,,,,,,,,,,,,,,,,,,,,,,,2025,25.0,240.0,43.4,90.9,0.478,16.7,43.5,0.384,26.7,47.4,0.564,15.5,19.5,0.795,8.8,35.4,44.2,29.4,7.2,4.6,15.4,18.4,119.1,0.4,119.1,123.0,East,113.36,9.36,34.18,25.92,12.36,33.46,7.340000000000001,4.44,-3.9000000000000057,-0.0759999999999999
124,,Dallas Mavericks,,16.0,8.0,,,,,,,,,,,,,,,,,,,,,,,,,,,2025,24.0,241.0,43.6,89.5,0.487,13.3,35.5,0.374,30.3,54.0,0.561,18.6,24.0,0.774,11.7,34.3,46.0,25.7,8.3,5.7,14.2,20.3,119.1,0.667,119.1,111.5,West,114.32,9.48,33.34,24.12,14.0,38.3,6.9,4.54,7.599999999999994,0.057
125,,Denver Nuggets,,12.0,10.0,,,,,,,,,,,,,,,,,,,,,,,,,,,2025,22.0,242.3,44.0,89.5,0.492,11.7,30.5,0.383,32.4,59.0,0.549,18.9,25.2,0.75,11.1,33.4,44.5,30.9,8.8,4.8,14.5,18.5,118.7,0.545,118.7,116.8,West,115.44,10.32,33.760000000000005,28.78,12.16,32.6,7.74,4.62,1.9000000000000057,-0.1499999999999999
126,,New York Knicks,,14.0,9.0,,,,,,,,,,,,,,,,,,,,,,,,,,,2025,23.0,240.0,43.6,87.1,0.5,14.3,36.0,0.398,29.2,51.0,0.572,16.5,20.0,0.822,9.1,33.0,42.1,27.9,7.3,4.2,12.9,17.6,118.0,0.609,118.0,111.1,East,112.06,11.12,33.92,23.7,13.02,34.88,7.040000000000001,4.48,6.900000000000006,-0.001
127,,Atlanta Hawks,,13.0,12.0,,,,,,,,,,,,,,,,,,,,,,,,,,,2025,25.0,241.0,43.0,92.8,0.463,12.3,36.2,0.341,30.7,56.6,0.542,18.8,23.9,0.786,12.6,33.3,45.9,30.0,10.3,5.2,16.2,19.2,117.1,0.52,117.1,119.8,East,116.28,11.38,33.54,26.06,12.42,34.44,7.82,4.720000000000001,-2.700000000000003,0.081
128,,Sacramento Kings,,12.0,13.0,,,,,,,,,,,,,,,,,,,,,,,,,,,2025,25.0,243.0,43.2,88.8,0.486,12.1,34.9,0.346,31.1,53.9,0.577,18.0,22.6,0.795,9.9,33.3,43.2,25.8,8.2,4.9,13.6,20.2,116.4,0.48,116.4,113.2,West,115.54,9.84,32.96,26.12,12.76,35.6,7.5,4.4,3.200000000000003,-0.081
129,,Oklahoma City Thunder,,18.0,5.0,,,,,,,,,,,,,,,,,,,,,,,,,,,2025,23.0,240.0,43.1,92.6,0.465,13.7,39.6,0.347,29.3,53.0,0.554,15.8,19.6,0.805,10.4,33.0,43.4,25.9,12.1,6.4,11.7,21.1,115.7,0.783,115.7,103.8,West,112.4,10.18,33.88,24.34,12.62,36.08,8.68,5.24,11.900000000000006,0.088
130,,Golden State Warriors,,14.0,9.0,,,,,,,,,,,,,,,,,,,,,,,,,,,2025,23.0,241.1,41.8,92.1,0.454,15.2,41.2,0.369,26.6,51.0,0.522,15.4,21.8,0.707,13.1,35.6,48.7,29.2,9.0,5.2,14.4,20.7,114.1,0.609,114.1,109.2,West,115.1,10.7,35.02,28.62,15.1,40.28,8.040000000000001,4.6,4.899999999999992,0.0479999999999999
131,,Indiana Pacers,,10.0,15.0,,,,,,,,,,,,,,,,,,,,,,,,,,,2025,25.0,242.0,42.4,87.2,0.487,12.4,33.2,0.373,30.0,54.0,0.557,16.7,21.2,0.787,8.5,31.2,39.7,27.1,8.4,5.2,15.1,20.1,114.0,0.4,114.0,118.2,East,116.08,9.8,32.06,27.54,12.74,34.980000000000004,7.88,5.779999999999999,-4.200000000000003,-0.1729999999999999
132,,Houston Rockets,,16.0,8.0,,,,,,,,,,,,,,,,,,,,,,,,,,,2025,24.0,243.1,41.5,94.4,0.439,12.0,36.3,0.33,29.5,58.1,0.508,18.8,24.4,0.769,14.2,35.8,49.9,22.5,8.7,5.7,13.2,20.5,113.6,0.667,113.6,106.6,West,111.42,11.6,33.67999999999999,23.380000000000003,12.48,36.72,7.74,4.92,7.0,0.167
133,,Milwaukee Bucks,,12.0,11.0,,,,,,,,,,,,,,,,,,,,,,,,,,,2025,23.0,241.1,41.0,85.0,0.483,14.5,36.8,0.394,26.5,48.2,0.551,16.9,23.1,0.731,8.3,34.7,43.0,23.7,7.0,5.6,14.0,18.6,113.4,0.522,113.4,112.4,East,116.98,9.86,36.260000000000005,25.08,14.4,38.14,7.18,4.82,1.0,-0.0759999999999999
134,,Phoenix Suns,,12.0,11.0,,,,,,,,,,,,,,,,,,,,,,,,,,,2025,23.0,242.2,39.9,85.2,0.468,14.9,39.4,0.378,25.0,45.8,0.545,18.3,23.2,0.79,9.3,34.0,43.3,26.8,7.7,4.9,14.3,18.4,113.0,0.522,113.0,113.9,West,114.58,9.96,34.0,27.08,12.84,34.22,7.6,4.98,-0.9000000000000057,-0.0759999999999999
135,,Toronto Raptors,,7.0,17.0,,,,,,,,,,,,,,,,,,,,,,,,,,,2025,24.0,243.1,42.2,90.8,0.464,11.2,32.9,0.34,31.0,58.0,0.535,17.0,22.9,0.743,13.2,32.9,46.1,28.8,7.9,4.8,16.5,22.5,112.5,0.292,112.5,117.4,East,111.7,11.92,31.82,25.48,11.96,34.3,8.52,4.94,-4.900000000000006,-0.013
136,,Miami Heat,,12.0,10.0,,,,,,,,,,,,,,,,,,,,,,,,,,,2025,22.0,242.3,39.8,88.2,0.452,15.0,39.2,0.383,24.8,49.0,0.506,17.6,22.5,0.783,10.3,33.2,43.5,26.5,9.0,3.6,12.7,16.4,112.2,0.545,112.2,109.3,East,109.98,9.42,32.9,25.58,13.2,35.94,7.959999999999999,3.44,2.9000000000000057,-0.016
137,,Los Angeles Lakers,,13.0,11.0,,,,,,,,,,,,,,,,,,,,,,,,,,,2025,24.0,241.0,40.9,86.2,0.474,11.7,33.3,0.352,29.2,52.9,0.552,18.7,23.8,0.786,9.0,31.3,40.3,26.7,7.9,4.7,13.0,16.3,112.1,0.542,112.1,115.8,West,113.78,9.28,34.2,25.84,11.48,32.32,7.42,5.08,-3.700000000000003,-0.0309999999999999
138,,San Antonio Spurs,,12.0,12.0,,,,,,,,,,,,,,,,,,,,,,,,,,,2025,24.0,240.0,39.6,87.3,0.454,13.8,40.0,0.345,25.8,47.4,0.545,18.3,23.1,0.794,11.2,33.6,44.8,27.9,7.7,6.5,14.8,16.5,111.4,0.5,111.4,113.1,West,112.16,10.74,33.660000000000004,27.46,11.74,33.8,7.279999999999999,5.34,-1.6999999999999886,0.2319999999999999
139,,Minnesota Timberwolves,,12.0,11.0,,,,,,,,,,,,,,,,,,,,,,,,,,,2025,23.0,242.2,39.4,84.7,0.465,15.2,40.6,0.375,24.2,44.1,0.548,16.5,20.8,0.793,9.3,33.0,42.3,25.1,8.6,4.8,16.2,18.6,110.5,0.522,110.5,107.0,West,113.46,9.9,33.18,25.84,13.580000000000002,37.1,8.42,5.48,3.5,-0.161
140,,Detroit Pistons,,10.0,15.0,,,,,,,,,,,,,,,,,,,,,,,,,,,2025,25.0,243.0,40.6,87.6,0.464,13.3,36.7,0.363,27.3,50.9,0.536,16.0,20.9,0.765,11.3,34.1,45.4,25.3,6.3,5.3,16.7,20.0,110.5,0.4,110.5,113.0,East,108.42,10.72,32.660000000000004,24.3,11.72,33.660000000000004,6.98,4.76,-2.5,0.229
141,,Brooklyn Nets,,10.0,14.0,,,,,,,,,,,,,,,,,,,,,,,,,,,2025,24.0,242.1,38.8,84.0,0.462,15.3,39.6,0.385,23.5,44.4,0.531,17.3,21.4,0.807,8.4,29.6,38.0,25.8,7.0,3.8,14.6,22.4,110.1,0.417,110.1,113.8,East,113.08,9.44,32.82,25.8,13.419999999999998,35.58,6.94,5.2,-3.700000000000003,0.0269999999999999
142,,Utah Jazz,,5.0,18.0,,,,,,,,,,,,,,,,,,,,,,,,,,,2025,23.0,240.0,38.8,85.4,0.454,12.9,37.1,0.347,25.9,48.3,0.536,18.7,23.6,0.795,12.0,32.7,44.7,24.4,6.9,5.0,18.4,18.6,109.2,0.217,109.2,118.7,West,114.4,11.48,34.64,24.74,14.06,38.94,6.659999999999999,5.18,-9.5,-0.161
143,,Los Angeles Clippers,,14.0,11.0,,,,,,,,,,,,,,,,,,,,,,,,,,,2025,25.0,241.0,39.8,86.1,0.463,12.5,33.8,0.371,27.3,52.3,0.522,16.5,21.2,0.779,11.4,33.3,44.6,24.6,9.4,4.3,16.4,18.9,108.7,0.56,108.7,107.4,West,112.06,9.94,33.84,24.5,12.98,33.86,7.76,4.5600000000000005,1.2999999999999972,-0.0619999999999999
144,,Orlando Magic,,17.0,9.0,,,,,,,,,,,,,,,,,,,,,,,,,,,2025,26.0,240.0,38.5,85.1,0.452,11.8,38.0,0.311,26.7,47.2,0.566,18.8,24.0,0.785,10.8,31.3,42.1,24.0,9.6,6.8,15.0,20.1,107.6,0.654,107.6,103.3,East,107.54,10.2,33.3,23.48,11.34,33.82,7.779999999999999,5.12,4.299999999999997,0.081
145,,Washington Wizards,,3.0,19.0,,,,,,,,,,,,,,,,,,,,,,,,,,,2025,22.0,240.0,39.8,90.6,0.44,11.2,35.9,0.312,28.6,54.7,0.523,16.8,21.6,0.779,10.4,32.5,42.9,24.4,8.0,5.6,16.1,21.9,107.6,0.136,107.6,123.8,East,111.94,9.54,33.64,25.64,11.12,32.54,7.220000000000001,5.0,-16.200000000000003,-0.0469999999999999
146,,Charlotte Hornets,,7.0,17.0,,,,,,,,,,,,,,,,,,,,,,,,,,,2025,24.0,242.1,38.5,89.6,0.429,15.7,43.1,0.364,22.8,46.5,0.49,14.5,18.5,0.783,13.0,32.2,45.2,23.0,7.8,4.9,16.2,21.2,107.1,0.292,107.1,112.6,East,109.9,10.94,32.720000000000006,25.56,13.22,36.96,7.76,4.86,-5.5,0.0359999999999999
147,,Portland Trail Blazers,,8.0,16.0,,,,,,,,,,,,,,,,,,,,,,,,,,,2025,24.0,240.0,39.0,89.5,0.435,11.8,35.3,0.333,27.2,54.2,0.502,16.8,21.8,0.767,13.0,30.0,43.0,22.1,8.4,6.0,16.9,19.7,106.4,0.333,106.4,116.0,West,109.7,11.2,31.52,22.72,12.919999999999998,36.28,7.52,4.88,-9.599999999999994,0.077
148,,Philadelphia 76ers,,7.0,15.0,,,,,,,,,,,,,,,,,,,,,,,,,,,2025,22.0,243.4,37.9,86.0,0.44,11.5,36.0,0.321,26.3,50.0,0.526,17.9,23.2,0.773,10.6,29.4,40.0,21.8,9.3,4.0,14.5,20.6,105.2,0.318,105.2,110.1,East,111.7,9.76,32.46,23.86,11.82,32.760000000000005,8.459999999999999,5.24,-4.899999999999992,-0.2549999999999999
149,,New Orleans Pelicans,,5.0,20.0,,,,,,,,,,,,,,,,,,,,,,,,,,,2025,25.0,240.0,39.1,89.3,0.438,10.8,33.1,0.327,28.2,56.2,0.503,16.0,21.1,0.757,12.6,30.4,43.0,23.8,9.4,5.4,15.0,17.8,105.0,0.2,105.0,116.7,West,111.68,11.46,33.2,25.54,11.1,31.660000000000004,8.38,4.5,-11.700000000000005,-0.3979999999999999
